,category,brand_name,product_name,review_title,review_detail,review_date,review_views
0,크림,퀘스크렘,블루치즈 크림치즈,고르곤졸라피자를 좋아하신다면! ,아웃백의 블루치즈드레싱을 엄청 좋아하고 고르곤졸라피자도 좋아합니다. 그래서 혹시 그 꼬릿한 맛이 나는 치즈일까해서 구매해봤는데 맞네요!,2020-10-27,4
1,크림,퀘스크렘,블루치즈 크림치즈,치즈맛 찐해요 ,꼬소한 치즈 냄새가 확 나요,2020-10-26,4
2,크림,퀘스크렘,블루치즈 크림치즈,좋아요 ,많이 꼬릿꼬릿(?)하진 않아요~적당히 즐길수 있는 불루 치즈 맛입니다~~^^,2020-10-25,7
3,크림,퀘스크렘,블루치즈 크림치즈,꿀이랑 너무 잘 어울림 ,이것만 먹으면 꼬릿한데 꿀 넣으면 존맛탱,2020-10-25,5
4,크림,퀘스크렘,블루치즈 크림치즈,맛있어요 ,계속 재구매할것같아요,2020-10-24,3
5,크림,퀘스크렘,블루치즈 크림치즈,제대로 치즈 ,진한 크림치즈를 먹고 싶다면추천,2020-10-24,2
6,크림,퀘스크렘,블루치즈 크림치즈,크림치즈 ,꾸덕하니 정말 맛있어요 초딩입맛에도 잘 맞나봐요,2020-10-24,3
7,크림,퀘스크렘,블루치즈 크림치즈,연어베이글을 위해 ,크림치즈 구입 했어요,2020-10-24,4
8,크림,퀘스크렘,블루치즈 크림치즈,블루치즈는 처음인데 ,블루치즈는 처음 먹어보는데 특유의 콤콤한 맛이 참 맛있네요. 제 취향입니다. 그렇다고 블루치즈 맛이 엄청 강한건 아니구 크림치즈 맛이긴 한데 뭔가 향이나 끝맛이 다르다구 해야할까요! 어쨌든 살까말까 고민하신다면 가성비도 괜찮으니 한번쯤 사보시는거도 추천드립니당,2020-10-23,4
9,크림,퀘스크렘,블루치즈 크림치즈,적당적당 ,그냥 발라먹기 적당. 쿰쿰한 냄새가 많이 나진 않은데 그렇다고 맛있지도 않음...,2020-10-21,3
10,크림,퀘스크렘,블루치즈 크림치즈,맛있어요 ,몽글몽글 질감이 아니에요. 식빵이나 베이글보다는 간식겸 안주겸 먹는 크래커에 더 어울리는 맛이에요.,2020-10-21,4
11,크림,퀘스크렘,블루치즈 크림치즈,진해요 ,베이글에 같이 먹을겨고 구매~ 진한맛이에요,2020-10-20,22
12,크림,퀘스크렘,블루치즈 크림치즈,빵에도 샐러드도 좋아요 ,빵에 간편하게 발라먹고 와인안주로 먹고 좋네요,2020-10-20,6
13,크림,퀘스크렘,블루치즈 크림치즈,기대됩니당 ㅎㅎㅎ ,저는 지방에 사는데 일요일새벽에 주문하고 월욜 낮에 바로 받았어요!! 아직 뜯어보진 않았는데 너무 기대되네요 ㅎㅎㅎㅎ,2020-10-20,16
14,크림,퀘스크렘,블루치즈 크림치즈,맛있어요 ,크림치즈는 사랑입니다,2020-10-19,8
15,크림,퀘스크렘,블루치즈 크림치즈,만족합니다. ,잘 숙성된 치즈의 향입니다.,2020-10-17,5
16,크림,퀘스크렘,블루치즈 크림치즈,무난 ,블루치즈 잘 못먹는 분들도 드실 수 있을 것 같아요,2020-10-15,11
17,크림,퀘스크렘,블루치즈 크림치즈,짱짱 ,재구매 의사 백프로입니다. 달지않고 짜지도 않은 데일리로 즐기기 좋은 깊이감있는 맛의 크림치즈입니다!,2020-10-15,6
18,크림,퀘스크렘,블루치즈 크림치즈,베이글에 ,발라 먹어보려구요 ㅎㅎ,2020-10-15,28
19,크림,퀘스크렘,블루치즈 크림치즈,굿 ,생각보다 안큠쿰해요^^,2020-10-15,7
20,크림,퀘스크렘,블루치즈 크림치즈,재구매 ,블루치즈향 심하지않아요.,2020-10-14,28
21,크림,퀘스크렘,블루치즈 크림치즈,진한 크림치즈 ,컬리에서 산 픽어베이글 + 아보카도랑 같이 먹었어요,2020-10-13,27
22,크림,퀘스크렘,블루치즈 크림치즈,맛있어요 ,향도진하고 바게뜨에발라 먹으니 맛있네요,2020-10-13,9
23,크림,퀘스크렘,블루치즈 크림치즈,맛있어요 ,정말 맛있어요 계속 먹게되어요,2020-10-10,32
24,크림,퀘스크렘,블루치즈 크림치즈,ㅎ ,꼬릿한치즈좋아하는데 기대중이에용,2020-10-09,17
25,크림,퀘스크렘,블루치즈 크림치즈,첫 구매 ,맛있으면 좋겠어요~~,2020-10-08,6
26,크림,퀘스크렘,블루치즈 크림치즈,아직 안먹어봄 ,후기믿고 사봅니다 ㅎㅎ,2020-10-07,23
27,크림,퀘스크렘,블루치즈 크림치즈,블루 ,치즈 좋아해요 꼬리꼬리,2020-10-06,32
28,크림,퀘스크렘,블루치즈 크림치즈,블루치즈 ,음 익숙한 크림치즈맛은 아니네요,2020-09-18,15
29,크림,퀘스크렘,블루치즈 크림치즈,꼬리꼬리 취향저격!!! ,후기에 꼬리꼬리한 치즈 좋아하면 무조건 사란 글 보고 망설임없이 구매!!’ 정말 취향저격이요!!! 이어 아이비나 참크레커 같은데 발라 먹음 와인 안주로 최고예요!!!!!,2020-09-16,67
30,크림,퀘스크렘,블루치즈 크림치즈,베이글에 ,베이글에도 발라먹고 크래커랑 먹기에도 맛나요,2020-09-15,15
31,크림,퀘스크렘,블루치즈 크림치즈,블루치즈 ,더꼬리하고 진할줄알았는데,2020-09-13,44
32,크림,퀘스크렘,블루치즈 크림치즈,크림치즈 ,그닥 꾸덕하지도 치즈향 듬뿍도 아닙니다,2020-09-09,11
33,크림,퀘스크렘,블루치즈 크림치즈,맛있어요 ,좋아요 좋아요...,2020-09-09,9
34,크림,퀘스크렘,블루치즈 크림치즈,별로에요ㅠ ,먹다가 느끼해서 한 번 먹고 버렸어요ㅜㅜㅜㅜㅜㅜㅜㅜ,2020-09-07,34
35,크림,퀘스크렘,블루치즈 크림치즈,향이 진하고 좋아요 ,빵에 발라먹기 편하고 향도 좋아요,2020-09-04,7
36,크림,퀘스크렘,블루치즈 크림치즈,맛있게 잘 먹었어요 ,맛있게잘 먹었어요 재구매!!,2020-09-04,5
37,크림,퀘스크렘,블루치즈 크림치즈,맛있어요 ,후기평보고 샀는데 맛나요,2020-09-03,3
38,크림,퀘스크렘,블루치즈 크림치즈,엄청 맛있어요! ,평소에 꾸링꾸링한 치즈를 좋아한다면 아주 딱!인 크림치즈입니다! 맛있어요~,2020-09-02,7
39,크림,퀘스크렘,블루치즈 크림치즈,좋아요 ,필라xxx 크림치즈만 먹다가 바꿔봤는데 요것 맛있어요.,2020-09-02,4
40,크림,퀘스크렘,블루치즈 크림치즈,블루치즈 ,아직 안먹어봄 맛있겠지,2020-09-01,22
41,크림,퀘스크렘,블루치즈 크림치즈,블루치즈 ,그냥저냥 괜춘합니다,2020-08-31,16
42,크림,퀘스크렘,블루치즈 크림치즈,오묘한 블루치즈의 맛 ,크래커에 발라 먹으면 오묘한 맛에 서서히 중독됩니다,2020-08-30,7
43,크림,퀘스크렘,블루치즈 크림치즈,그닥 ,후기 좋아서 샀는데 전 별로네요,2020-08-29,5
44,크림,퀘스크렘,블루치즈 크림치즈,맛있어뇨 ,불루치즈향이 그리 강하진 않은데 맛있어요,2020-08-28,3
45,크림,퀘스크렘,블루치즈 크림치즈,굳 ,호불호가 갈리네요 전 맛있어요ㅎ 단맛 좋아하심 안좋아하실꺼예요,2020-08-28,7
46,크림,퀘스크렘,블루치즈 크림치즈,맛있어요 ,베이글에 발라먹는데 풍미가 좋아요,2020-08-27,7
47,크림,퀘스크렘,블루치즈 크림치즈,콤콤 ,콤콤한 블루치즈향 좋은데 좀 짜요 ,2020-08-26,8
48,크림,퀘스크렘,블루치즈 크림치즈,향 ,좋아요 콤콤 ♡,2020-08-26,4
49,크림,퀘스크렘,블루치즈 크림치즈,꾸덕하고 맛있어요 ,빵에 아주 듬뿍씩 바를때 제맛이 나는거같아요! 행복한 맛~~,2020-08-26,1
50,크림,퀘스크렘,블루치즈 크림치즈,제입은 딱입니다~ ,아이들은 안 먹네요^^,2020-08-26,10
51,크림,퀘스크렘,블루치즈 크림치즈,너무 맛있음 솔직히 ,너무 맛잇구...이거에 잼 얹어 먹어도 맛잇구....근데 블루치즈 향이 그렇게 강하진 않아요,2020-08-26,5
52,크림,퀘스크렘,블루치즈 크림치즈,맛있어요 ,나쁘지않아요 식빵에 발라먹었어요,2020-08-25,0
53,크림,퀘스크렘,블루치즈 크림치즈,좀 짜네요 ,하몽 살치촌 초리조랑 같이 먹으려고 주문했는데 좀 짜네요,2020-08-25,9
54,크림,퀘스크렘,블루치즈 크림치즈,좀 ,특이한 크림치즈를 찾다가 샀어요. 과일이랑 잘어울려요.,2020-08-24,4
55,크림,퀘스크렘,블루치즈 크림치즈,블루치즈 ,생각보다 블루치즈향이 꽤 진한데 저는 그냥 그래요,2020-08-24,25
56,크림,퀘스크렘,블루치즈 크림치즈,진해요 ,너무 진해서 먹기가,2020-08-23,5
57,크림,퀘스크렘,블루치즈 크림치즈,좋아요 ,향이 진해서 좋아요,2020-08-21,17
58,크림,퀘스크렘,블루치즈 크림치즈,맛있어요^^ ,크림치즈가 꾸덕하니 머끼 좋아요 맛있어요,2020-08-21,9
59,크림,퀘스크렘,블루치즈 크림치즈,맛있어요 ,맛있네요,2020-08-21,12
60,크림,퀘스크렘,블루치즈 크림치즈,두번째 구매 ,블루크림치즈 너무 맛잇어서,2020-08-20,22
61,크림,퀘스크렘,블루치즈 크림치즈,맛은 괜찮은데 ,근데 향에 비해 좀 짜요,2020-08-20,15
62,크림,퀘스크렘,블루치즈 크림치즈,향이진해요 ,가족들이 맛있대요~,2020-08-18,12
63,크림,퀘스크렘,블루치즈 크림치즈,기대중 ,아직 맛보지 못했는데 기대중입니당,2020-08-18,16
64,크림,퀘스크렘,블루치즈 크림치즈,좋아여 ,처음사봤는데 맛있어요,2020-08-18,6
65,크림,퀘스크렘,블루치즈 크림치즈,중독성 있는 맛 ,묘하게 중독성 있는 맛입니다. 블루치즈의 향이 강하지 않은 게 아쉬워요,2020-08-18,28
66,크림,퀘스크렘,블루치즈 크림치즈,호불호 ,남편은 인상써요 ㅎㅎㅎ,2020-08-17,24
67,크림,퀘스크렘,블루치즈 크림치즈,맛있어요!! ,블루치즈 좋아해서 시켜봤는데 맛있어요!,2020-08-17,6
68,크림,퀘스크렘,블루치즈 크림치즈,맛있음 ,원래도 블루치즈를 좋아하지만 이역시도 컨디션에 따라 소화 가불가능해서..,2020-08-16,4
69,크림,퀘스크렘,블루치즈 크림치즈,블루치즈 ,컬리 통밀빵에발라먹어봄ㅎ 크림치즈맛이 많이날거라생각햇지만 블루치즈맛이강하다항~~ ㅋㅋ 식사로말고 난 와인안주로 크래커랑먹는걸로..,2020-08-16,11
70,크림,퀘스크렘,블루치즈 크림치즈,리조또에첨가 ,제가 원래 고르곤졸라같은 블루치즈를좋아하는데요.,2020-08-16,12
71,크림,퀘스크렘,블루치즈 크림치즈,크림치즈 ,원래 블루치즈 좋아하는데 바게트 빵에 발라먹으니까 진짜 꿀맛이네요,2020-08-15,13
72,크림,퀘스크렘,블루치즈 크림치즈,맛있어요 ,입맛에 딱 맞아요,2020-08-15,2
73,크림,퀘스크렘,블루치즈 크림치즈,블루치즈 ,아웃백 블루치즈 좋아하면 다 좋아할 맛이에요 ㅋ,2020-08-15,3
74,크림,퀘스크렘,블루치즈 크림치즈,첫주문 ,평이 좋아 주문해 봤어용,2020-08-15,8
75,크림,퀘스크렘,블루치즈 크림치즈,후기 ,블루치즈 크림치즈는 첨이라 기대해요,2020-08-14,10
76,크림,퀘스크렘,블루치즈 크림치즈,굿 ,아직 먹기전이지만 맛날고같아요 ㅎㅎ,2020-08-14,7
77,크림,퀘스크렘,블루치즈 크림치즈,물건이다 ,이거 물건이에요 꼬릿한 맛 좋아하는 사람이면 무족권 사세요,2020-08-14,1
78,크림,퀘스크렘,블루치즈 크림치즈,블루치즈 맛있네요 ,아웃백에서 부시맨빵에 먹던 블루치즈 생각하고,2020-08-13,14
79,크림,퀘스크렘,블루치즈 크림치즈,고소~ ,고소하고 맛나는데 쫌 작은양이 있슴~,2020-08-12,5
80,크림,퀘스크렘,블루치즈 크림치즈,생각보다 깔끔한 맛 ,블루치즈라 엄청 꼬릿할줄 알았는데 살짝 꼬릿하면서 뒷맛은 깔끔하네요ㅎㅎ 맛이 강하지 않아서 크림치즈처럼 많이 발라먹을수 있겠네요~ 만족합니다,2020-08-12,4
81,크림,퀘스크렘,블루치즈 크림치즈,맛있어요 ,원래 블루치즈 좋아해요 맛남,2020-08-09,18
82,크림,퀘스크렘,블루치즈 크림치즈,잘 먹고 있어요 ,크림치즈 치고 텍스춰가 살짝 하드하지만...잘 먹고 있어요,2020-08-08,4
83,크림,퀘스크렘,블루치즈 크림치즈,블루치즈 ,식빵에 발라먹기좋아요,2020-08-05,8
84,크림,퀘스크렘,블루치즈 크림치즈,진함 ,블루치즈 풍미 느껴지고 치즈 자체는 진한 크림제형.,2020-08-05,11
85,크림,퀘스크렘,블루치즈 크림치즈,블루치즈향이 일품 ,일반크림치즈에 블루치즈의 꼬릿한 향이.듬뿍나네요. 아주 맛있어요.,2020-08-03,9
86,크림,퀘스크렘,블루치즈 크림치즈,오. 너무 괜찮아요 ,블루치즈를 사실 어느 정도 양으로 어떻게 요리해먹을지 애매했었는데 간단히 먹기 너무 좋아요,2020-08-03,22
87,크림,퀘스크렘,블루치즈 크림치즈,마성의 꼬리함 ,베이글과 함께. 블루치즈 좋아해서 맛있었어요.,2020-08-02,13
88,크림,퀘스크렘,블루치즈 크림치즈,고소해요 ,살짝 블루치즈 꼬리꼬리한 냄새는 나지만,2020-08-01,2
89,크림,퀘스크렘,블루치즈 크림치즈,블루치즈중 ,역대 컬리 블루치즈 중 맛 3위에 안에들고 가성비로는 1위입니다. 재구매할래요,2020-07-31,16
90,크림,퀘스크렘,블루치즈 크림치즈,맛있네요 ,소화 가능할만큼 적당한 블루치즈향,2020-07-31,1
91,크림,퀘스크렘,블루치즈 크림치즈,오잉 ,후기보고 구매했는데 꾸덕한 블루치즈 크림치즈네요 완전 맛나요,2020-07-23,5
92,크림,퀘스크렘,블루치즈 크림치즈,블루치즈 ,좋아하는 사람 무조건 사세요. 사워브레드랑 쨈이랑 궁합최고,2020-07-23,5
93,크림,퀘스크렘,블루치즈 크림치즈,꼬리한 블루치즈 ,아웃백 블루치즈 소스를 생각하며 샀다,2020-07-23,11
94,크림,퀘스크렘,블루치즈 크림치즈,좋아요 ,블루치즈 좋아하는데 맛있네요,2020-07-22,7
95,크림,퀘스크렘,블루치즈 크림치즈,꼬릿한 향 ,향도 맛도 강하고 맛있어요^^,2020-07-21,5
96,크림,퀘스크렘,블루치즈 크림치즈,맛있어요 ,빵에 발라먹으니 맛있네요~~^^,2020-07-21,2
97,크림,퀘스크렘,블루치즈 크림치즈,굿 ,샌드위치빵에 발라 먹으니 괜찮아요,2020-07-21,1
98,크림,퀘스크렘,블루치즈 크림치즈,맛나요 ,후훗 맛나요 아주ㅎ,2020-07-19,6
99,크림,퀘스크렘,블루치즈 크림치즈,맛있어요 ,맛있어서 다먹고또사야지,2020-07-19,3
100,체다,사토리,헤리티지 체다,아마 수십개 먹은듯... ,샐러드에 무난히 어울리고 아이도 잘먹어요,2020-10-11,4
101,체다,사토리,헤리티지 체다,늘 구매 ,잘랐을때 부서지지 않고 모양이 유지되어 샐러드 넣기 좋아요,2020-10-11,2
102,체다,사토리,헤리티지 체다,부담스럽지 않은 치즈 ,"다만, 좀 밍밍한 느낌이 있어요",2020-10-05,4
103,체다,사토리,헤리티지 체다,괜찮아요~ ,일반 치즈 보다 더 풍미가 있네요,2020-09-24,3
104,체다,사토리,헤리티지 체다,너무 맛있어요 ,그냥 밋밋 한 이름만 체다 치즈인것과는 확연히 달라요. 안주로도 샌드위치에도 언제나 최고입니다,2020-09-21,2
105,체다,사토리,헤리티지 체다,치즈가 맛있네요 ,치즈가 맛있네요 강추,2020-09-16,2
106,체다,사토리,헤리티지 체다,세일해서 구매 ,같은 브랜드 치즈가 다 맛있어서 구매했어요,2020-09-14,1
107,체다,사토리,헤리티지 체다,이것도 맛있어여 ,저의 최애 술안주 치즈는 오뚜기 라망 스틱 노블치즈 인데 잘 안팔아요.. 그래서 찾다찾다 마켓컬리까지 왔는데..제맘속치즈보단 뒷맛이 덜 꼬소하지만 맛있어요,2020-09-13,3
108,체다,사토리,헤리티지 체다,맛있어요. ,와인안주로 먹어요.,2020-09-13,2
109,체다,사토리,헤리티지 체다,두루두루 좋아요. ,갈아서도 먹고 잘라서도 먹고 좋아요.,2020-09-13,1
110,체다,사토리,헤리티지 체다,이렇게 맛있다니!! ,후기만 보고 샀는데 정말 안샀으면 후회할뻔 ㅠㅠㅠㅠㅠ 그냥 먹어도 빵에 올려먹어도 샌드위치에 넣어먹어도 다 맛있어요. 오자마자 맛보려고 뜯었다가 맨입에 계속 먹었어요.,2020-09-12,4
111,체다,사토리,헤리티지 체다,아이가 좋아해서 ,자주 삽니다 ㅎㅎ 샐러드에도 제격!,2020-09-11,4
112,체다,사토리,헤리티지 체다,굿 ,고소하고 맛있어서 만족해요,2020-09-07,4
113,체다,사토리,헤리티지 체다,후기가 좋아서 ,후기가 괜찮은것같아서 구입했어용,2020-09-05,4
114,체다,사토리,헤리티지 체다,맨 입으로는좀 짜요 ,맨입으로 먹기에는 많이 짜네요. 다음엔 원래 사던걸로.. 갠적으로는 그냥그러네요.,2020-09-05,7
115,체다,사토리,헤리티지 체다,맛있어요. ,물론 너무 비싸요. 하지만 이 치즈가 빠진 샌드위치는 상상할수 없어요,2020-09-04,4
116,체다,사토리,헤리티지 체다,진하네요 ,다 맛있어요 헤리티지는 깊은듯 얕은 맛,2020-09-04,6
117,체다,사토리,헤리티지 체다,최애 치즈 ,진하고 짭짤해요ㅎㅎ처음 먹고 깜짝놀랐어요 원래도 치즈좋아하는데 크기도 괜찮고 크래커만드는데 잘 활용했어요,2020-09-02,4
118,체다,사토리,헤리티지 체다,세일.후기 ,"최애 치즈로 등극했어요,, 꿀이나 살구쨈이랑 조합 최고ㅠㅠ먹어보세요",2020-09-02,9
119,체다,사토리,헤리티지 체다,맛 ,잇어요 치즈.....,2020-09-01,0
120,체다,사토리,헤리티지 체다,몬아모레 체다랑 또 다른 매력 ,"몬아모레 체다랑 비교해서 먹어보려고 헤리티지 체다 구매해봤어요. 좀 더 경성치즈이고, 또 다른 매력이네요.",2020-08-28,8
121,체다,사토리,헤리티지 체다,좋아요 ,사토리 치즈 넘 맛있어요,2020-08-26,6
122,체다,사토리,헤리티지 체다,괜찮아요 ,체다향이 살아 있으면서도 느끼함이 덜하고 고소한 맛이 강하네요 맥주랑 잘 어울려요,2020-08-24,2
123,체다,사토리,헤리티지 체다,이거 진짜 맛있어요 ,진짜 맛있어서 계속 구매 중요,2020-08-23,8
124,체다,사토리,헤리티지 체다,재 구매 입니다~ ,먹어보니 입맛에 맛는 건강한 치즈인 것 같아,2020-08-22,10
125,체다,사토리,헤리티지 체다,맛있어요~ ,가격대가 있어서 고민을 옴총 하다가 구입했는데 맛있네요 ㅎㅎ,2020-08-20,9
126,체다,사토리,헤리티지 체다,짭잘 깔끔한 ,치즈~~ 풍미는 진하지 않아서 호불호 없을거같은데 짭잘해요,2020-08-18,2
127,체다,사토리,헤리티지 체다,오 맛있어용 ,체다에 요새 빠져서 와인하고 맛있어용 다른 체다도 구매해보는걸로,2020-08-10,3
128,체다,사토리,헤리티지 체다,좋아요 ,부드럽고 맛있어요,2020-08-10,7
129,체다,사토리,헤리티지 체다,첨 먹어볼 치즈 입니다. ,이 치즈는 첨 먹어보는 치즈 입니다.,2020-08-08,10
130,체다,사토리,헤리티지 체다,깔끔한 맛 ,사토리 치즈는 처음 구매했어요.,2020-08-06,5
131,체다,사토리,헤리티지 체다,맛있네요 ,와인에 먹으려고 사토리껏중에 세일하는걸로 사봤는데 맛있네요,2020-08-05,11
132,체다,사토리,헤리티지 체다,헤리티지 체다치즈 ,"일단 너무 부드럽고 꾸리한 냄새도 없고요,",2020-08-04,5
133,체다,사토리,헤리티지 체다,조아요 ,맛있네요^__^ ㅁㅁ,2020-08-04,6
134,체다,사토리,헤리티지 체다,좋아요 ,와인안주로 잘먹었어요,2020-08-02,4
135,체다,사토리,헤리티지 체다,맛있어요 ,딱 적당합니다 적당히 부드럽고 적당히 깊은 맛,2020-08-02,2
136,체다,사토리,헤리티지 체다,어디든 다 잘어울려요 ,안주로 크래커랑 먹어도 맛있고 샐러드 위에 뿌려 먹어도 맛나요,2020-08-01,6
137,체다,사토리,헤리티지 체다,명성만큼 진한 맛 ,샌드위치용으로 좋아요,2020-07-24,5
138,체다,사토리,헤리티지 체다,가격은 좀 있지만 맛은 굿~ ,가격은 좀 있지만 맛있어요~~ 샐러드에 먹으니 잘 어울려요~,2020-07-14,6
139,체다,사토리,헤리티지 체다,아이들이 좋아해요 ,파스타나 샐러드에 그라나파다노 같은걸 갈아올려 먹는데 아이들이 보더니 자기들도 갈아달라고 하더라고요. 너무 숙성된건 향이 강할것 같아 이 체다로 갈아 올려주니 너무 맛있다고 좋아해서 안 떨어지게 사다놔요. ,2020-06-29,12
140,체다,사토리,헤리티지 체다,누가 먹어도 맛있는 부드러운 치즈 ,아이가 너무 좋아해서 자꾸만 사래요 ㅎㅎ 리조또 위에 뿌려주면 너무 잘먹어요. 샐러드에도 팍팍~,2020-06-24,12
141,체다,사토리,헤리티지 체다,맛있어요 ,"고민하다 후기가 좋아서 구매했는데, 씹을수록 고소하고 맛있습니다.",2020-06-19,1
142,체다,사토리,헤리티지 체다,누구나 좋아할 맛 ㅎㅎ ,"적당한 염도에 농축된 치즈맛, 맛있습니다.",2020-06-16,10
143,체다,사토리,헤리티지 체다,맛이 ,풍부한 치즈인거 같아요. 먹던 치즈가 계속 품절이라 요게 후기 좋아서 한 번 주문해봤어요. 나 체다치즈다ㅎ하는 깊은 맛인거 같네요,2020-06-15,6
144,체다,사토리,헤리티지 체다,샌드위치용 ,샌드위치 해서 먹으려고 샀어요.,2020-06-15,8
145,체다,사토리,헤리티지 체다,???? ,치즈를 잘 알지 못하지만 해보고싶은 요리가 있어 처음으로 구매했어요,2020-06-14,1
146,체다,사토리,헤리티지 체다,맛있어요 ,맛이 세지 않고 다른 재료랑 잘 어우러져요,2020-06-13,1
147,체다,사토리,헤리티지 체다,맛있어요 ,재구매 할꺼에요. 빵도 크랙커에도 와인에도 모두 잘 어울려요,2020-05-31,2
148,체다,사토리,헤리티지 체다,사토리는 처음 이지만 ,처음 주문하지만 워낙,2020-05-22,16
149,체다,사토리,헤리티지 체다,막 쓰기 좋아여 ,부드럽고 특유의 진한향 없어서 8세 첫째도 너무 좋아해요. 주로 샐러드에 넣는데 누구에게나 크게 불호없어요.,2020-05-21,10
150,체다,사토리,헤리티지 체다,아이가 너무 좋아해서... ,자꾸 제 샐러드용으로 산걸 뺏어먹네요,2020-05-21,13
151,체다,사토리,헤리티지 체다,좋아요 ,샐러드에 넣어서 먹으니 너무 좋아요,2020-05-10,3
152,체다,사토리,헤리티지 체다,아이가 너무 좋아해서 ,제걸로 샀는데 아이가 자꾸만 먹어요 ㅎㅎ 약간 말랑하지만 갈아서 파스타에 얹어줘도 잘먹어요,2020-05-03,11
153,체다,사토리,헤리티지 체다,익숙한맛 ,익숙해서 그런지 여러종류 시켰는데 체다가 제일맛있네요,2020-04-29,15
154,체다,사토리,헤리티지 체다,일주일만에 두개 순삭 ,8세 아이가 이걸 너무 좋아해서 자꾸만 제꺼를 뺏어먹네요 ㅎㅎ 누가보면 와인안준줄.... 8세 간식입니다,2020-04-23,20
155,체다,사토리,헤리티지 체다,맛있어요 ,너무 짜지도 않고 맛있어요,2020-04-16,2
156,체다,사토리,헤리티지 체다,다용도 ,그냥도 먹고 피자에 모짜렐라 플러스로,2020-04-03,22
157,체다,사토리,헤리티지 체다,체다라고 하기 어려울정도로 아주 많이 약해요 ,일반 체다보다는 맛이나 질감이 모짜렐라/스트링치즈에요,2020-03-23,25
158,체다,사토리,헤리티지 체다,진짜 맛있어요 ,샐러드에 넣기 딱 좋아서 자주 구매해요,2020-03-19,22
159,체다,사토리,헤리티지 체다,와 정말 ,이것만 몇개째인지... 제 입맛에 딱이예요. 주로 샐러드에 넣어먹습니다,2020-03-19,17
160,체다,사토리,헤리티지 체다,맛있어요 ,체다치즈 후기보고 구매했는데 맛있네요.,2020-03-16,10
161,체다,사토리,헤리티지 체다,와인이랑 ,같이먹기 적당하네요~~,2020-03-16,5
162,체다,사토리,헤리티지 체다,좋아요.. 자주 주문하는 상품이예요. ,좋아요.. 자주 주문하는 상품이예요.,2020-03-14,4
163,체다,사토리,헤리티지 체다,체다치즈 ,부드럽고 맛있는 체다치즈에요,2020-03-13,11
164,체다,사토리,헤리티지 체다,알리오올리오 파스타 ,파스타 위에 치즈를 갈아서 올려 먹었어요. ,2020-03-02,17
165,체다,사토리,헤리티지 체다,치즈 ,컬리 이용하는 이유중 하나가 치즈때문이에요. 처음 사 본 치즈 맛있네요.,2020-03-01,3
166,체다,사토리,헤리티지 체다,치즈토스트하면 맛있어요 ,슬라이스해서 빵에 올려 구워 먹어요 맛있어요,2020-02-29,15
167,체다,사토리,헤리티지 체다,맛좋아요 ,토스트로 주로 해먹는데 한끼 식사로 딱 좋습니다,2020-02-27,11
168,체다,사토리,헤리티지 체다,스파게티 ,스파게티에 뿌려 먹기에 부담스럽지않아요,2020-02-19,6
169,체다,사토리,헤리티지 체다,파스타용 ,파스타에 뿌려먹으려고 샀어요,2020-02-18,11
170,체다,사토리,헤리티지 체다,괜찮아요 ,담백하게 먹기 좋습니다. 식빵위에 올리고 토스트기에 구워 따뜻하게 먹으면 한끼 식사로 좋습니다,2020-02-17,9
171,체다,사토리,헤리티지 체다,이것만 몇개째인지 ,아이도 너무 좋아해서 이렇게 간식으로 먹어요. 샐러드에도 늘 넣습니다 ^^ 부서지지도 않고 꼬린내 없이 고소해서 남녀노소 다 좋아해요.,2020-02-15,16
172,체다,사토리,헤리티지 체다,이거 너무 맛나요 ,또 주문할 수밖에 없는 맛,2020-02-12,6
173,체다,사토리,헤리티지 체다,좋아요 ,샐러드와 함께 해보세요~,2020-02-11,4
174,체다,사토리,헤리티지 체다,고소해요~ ,샐러드에 뿌려서 먹을려고 주문했는데 ~! ,2020-02-07,6
175,체다,사토리,헤리티지 체다,부드럽 ,샐럿레 적당........,2020-02-04,12
176,체다,사토리,헤리티지 체다,맛있어요 ,8살 아들도 이게 제일 맛있다고 ^^ 제가 샐러드 만들 때마다 옆에와서 훔쳐먹고 갑니다 ㅎㅎ,2020-02-03,5
177,체다,사토리,헤리티지 체다,사랑에 빠졌어요 ,전 숙성체다 좋아하는데 와 이거 진짜 너무 맛있어요,2020-01-31,16
178,체다,사토리,헤리티지 체다,맛있어요 ,맛있는 체다치즈네요,2020-01-24,4
179,체다,사토리,헤리티지 체다,아직먹기전이요 ,아직먹기전이지만 맛있을듯 합니다,2020-01-23,1
180,체다,사토리,헤리티지 체다,재구매 ,재구매 하려고 들어왔다가 ,2020-01-20,8
181,체다,사토리,헤리티지 체다,고소해요 ,부드러운 맛이에요.,2020-01-15,3
182,체다,사토리,헤리티지 체다,사토리꺼 다 맛나요 ,맛있게 먹고 있어요 ^^ 주로 샐러드에 넣어 먹어요~,2020-01-07,14
183,체다,사토리,헤리티지 체다,체다치즈 ,단단한 체다치즈는.처음 먹어보는데,2020-01-05,10
184,체다,사토리,헤리티지 체다,와인과 함께하기에 최고입니다. ,자주 이용하겠습니다.,2020-01-02,4
185,체다,사토리,헤리티지 체다,굿 ,끝맛이 살짝 짠데 고소하고 찐해요,2019-12-31,6
186,체다,사토리,헤리티지 체다,이제 리저브체다와 블랙체리잼의 패어링이 남았어요 ,컬리의 좋은 점은 알지 못했던 음식들을 새로운 방식으로 즐길 수 있게 해준다는 점이예요. 저에게는요. ,2019-12-30,11
187,체다,사토리,헤리티지 체다,후기 ,쫀득하고 고소한 식감.,2019-12-19,15
188,체다,사토리,헤리티지 체다,맛있어요 ,뜯자마자 아이들과 흡입중이에요,2019-12-14,5
189,체다,사토리,헤리티지 체다,꼬소 ,너무 꼬소한 치즈예요. 샐러드에 딱~,2019-12-13,25
190,체다,사토리,헤리티지 체다,리저브체다 ,"배송받자마자 아침에 과일과 치즈, 야채,빵은 아이들 차려주고 저는 식은밥과 약간에 버섯 ,야채, 삶아 놓은 녹두늘 볶으면서 육수,우유,치즈를 넣어서 죽처럼 해서 먹었는데 너무 진하고 깊은맛을 맛보았답니다",2019-12-10,10
191,체다,사토리,헤리티지 체다,맛있어요 ,약간 짭조름한게 맛있네요.,2019-12-04,23
192,체다,사토리,헤리티지 체다,와인 안주로 좋아요 ,황태채위에 솔솔 뿌려 렌지에 살짝 돌려 먹으니 와인과 너무 잘 어울리네요.,2019-12-03,9
193,체다,사토리,헤리티지 체다,생각보다 더 맛나요 ,생각보다 부드러워요 첨에 모르고 갈아봤는데 안갈려서 슬라이스로 먹었는데 넘 맛나서 그냥 집어먹었네요,2019-11-30,13
194,체다,사토리,헤리티지 체다,맛있어요~~ ,샐러드에 뿌려 먹었어요~~,2019-11-28,7
195,체다,사토리,헤리티지 체다,치즈 ,맛나겟죠 아직안먹어봄,2019-11-26,6
196,체다,사토리,헤리티지 체다,크리미한 체다 ,크리미해서 고소한 맛이 강한 체다예요. 맛있어요.,2019-11-24,19
197,체다,사토리,헤리티지 체다,쓸일이 ,생각보다 많지는 않은데.. 뽀모 파스타 위에 갈아얹어 먹거나 사과랑 같이 먹어요,2019-11-23,19
198,체다,사토리,헤리티지 체다,그냥 먹어도 맛있어요 ,오래 숙성을 해서 그런지 풍미가 좋고 별다른 음식에 곁들이지 않고 그냥 먹어도 맛있어요~,2019-11-22,9
199,체다,사토리,헤리티지 체다,맛궁금해서 ,비싸지만 맛궁금해서 사봤어요,2019-11-21,14
200,모짜렐라,라 콘타디나,버팔로 모짜렐라,맛있어요 ,부라타 비슷하면서 속은 쫀득한맛이 아주 맛있네요 재구매 하려구요,2020-10-28,3
201,모짜렐라,라 콘타디나,버팔로 모짜렐라,맛있어요 ,무화과랑 찰떡궁합,2020-10-28,2
202,모짜렐라,라 콘타디나,버팔로 모짜렐라,버팔로 ,치즈가 부드럽고 맛있네요,2020-10-27,11
203,모짜렐라,라 콘타디나,버팔로 모짜렐라,기대 ,아직 안 먹어봤지만 기대됩니다.,2020-10-26,15
204,모짜렐라,라 콘타디나,버팔로 모짜렐라,샐러드에 곁들여먹으려고요 ,신선해보여 좋아요 토마토랑 먹을거에요,2020-10-25,20
205,모짜렐라,라 콘타디나,버팔로 모짜렐라,독특.. ,제가 아는 고소한 생모짜렐라와는 조금 다르네요,2020-10-25,22
206,모짜렐라,라 콘타디나,버팔로 모짜렐라,굿 ,토마토랑 찰떡 찰떡,2020-10-24,1
207,모짜렐라,라 콘타디나,버팔로 모짜렐라,카프레제 ,하려고 구매했어요 맛있어요,2020-10-24,13
208,모짜렐라,라 콘타디나,버팔로 모짜렐라,음.. ,끝맛이 뭔가 특이.. 이상한 맛이 나네요ㅠㅠ 부라타치즈 품절이라 이거 시켰는데 아쉽네용,2020-10-24,6
209,모짜렐라,라 콘타디나,버팔로 모짜렐라,맛있어요. ,보들보들 치즈는 언제나 사랑입니다~ ,2020-10-23,11
210,모짜렐라,라 콘타디나,버팔로 모짜렐라,그냥 그래요 ,다음엔 그냥 부라타 먹으려구요..,2020-10-23,5
211,모짜렐라,라 콘타디나,버팔로 모짜렐라,괜찮아요 ,쫀득하고 맛있었네요..,2020-10-20,2
212,모짜렐라,라 콘타디나,버팔로 모짜렐라,고소한듯 ,너무 물컹하지 않고 적당히 씹히는 느낌도 있고 고소한듯,2020-10-20,11
213,모짜렐라,라 콘타디나,버팔로 모짜렐라,고소 ,고소하고 맛있는 모짜렐라,2020-10-20,6
214,모짜렐라,라 콘타디나,버팔로 모짜렐라,부드럽고 진해요 ,진하고 부드러운 맛이 좋네요. 그냥 먹어도 고소하고 좋아요,2020-10-20,12
215,모짜렐라,라 콘타디나,버팔로 모짜렐라,첨 ,그냥 그래요 짭짤한듯,2020-10-19,11
216,모짜렐라,라 콘타디나,버팔로 모짜렐라,무화과랑 ,수분많고 부드러운 치즈에요,2020-10-18,7
217,모짜렐라,라 콘타디나,버팔로 모짜렐라,버팔로 ,라 콘타디나 버팔로는 처음인데 괜찮아요,2020-10-18,5
218,모짜렐라,라 콘타디나,버팔로 모짜렐라,좋아요 ,산뜻하다기보다 좀 찐한 맛이에요,2020-10-16,20
219,모짜렐라,라 콘타디나,버팔로 모짜렐라,굿굿 ,와인 안주로 아보카도랑 올리브오일 소금 후추 해서 ,2020-10-15,7
220,모짜렐라,라 콘타디나,버팔로 모짜렐라,맛있어요 ,유통기한이 다가올수록 조금 쉰내가나지만,2020-10-15,6
221,모짜렐라,라 콘타디나,버팔로 모짜렐라,모짜렐라 ,부라타 대신 구매해봤어요 맛있길,2020-10-15,24
222,모짜렐라,라 콘타디나,버팔로 모짜렐라,굿 ,그냥 저냥 냠냠냠!,2020-10-14,5
223,모짜렐라,라 콘타디나,버팔로 모짜렐라,맛있어요 ,약간 단단하긴해요!,2020-10-12,8
224,모짜렐라,라 콘타디나,버팔로 모짜렐라,맛잇어요 ,샐러드 만들어서 잘 먹엇어요,2020-10-12,5
225,모짜렐라,라 콘타디나,버팔로 모짜렐라,샐러드에 ,넣을려고 후기 보고 구매했어요.,2020-10-11,8
226,모짜렐라,라 콘타디나,버팔로 모짜렐라,맛있어요~ ,처음 시켜봤는데 맛있네요,2020-10-11,27
227,모짜렐라,라 콘타디나,버팔로 모짜렐라,부라타 대신으로 ㅎㅎ ,부라타 계속 품절이라 하루 대체 했는데 매우 만족입니다,2020-10-08,22
228,모짜렐라,라 콘타디나,버팔로 모짜렐라,좋아욤 ,맛있어요!!!!!!,2020-10-08,14
229,모짜렐라,라 콘타디나,버팔로 모짜렐라,샐러드해서 맛있게! ,부라타치즈가 품절되어 이 상품으로 주문해서 하몽샐러드 해 먹었는데 맛있게 잘 먹었어요! 쫀득하고 부드러운 식감~,2020-10-04,31
230,모짜렐라,라 콘타디나,버팔로 모짜렐라,최애 모짜렐라 ,쫄깃하고 고소고소해요!,2020-10-04,7
231,모짜렐라,라 콘타디나,버팔로 모짜렐라,아직안먹어봤지만 재료가 ,재료가 좋은거같고 평이좋네요,2020-10-03,7
232,모짜렐라,라 콘타디나,버팔로 모짜렐라,모짜렐라 ,너무 맛있는 치즈입니다~,2020-10-02,20
233,모짜렐라,라 콘타디나,버팔로 모짜렐라,괜찮았어요 ,부라타없어서 사봤는데 맛있게 먹었어요,2020-10-01,5
234,모짜렐라,라 콘타디나,버팔로 모짜렐라,모짜렐라 ,샐러드에 찢어넣기 좋아요 먹을만해요,2020-10-01,17
235,모짜렐라,라 콘타디나,버팔로 모짜렐라,부타타 치즈 대신 ,주문했는데 맛있었어요,2020-09-30,13
236,모짜렐라,라 콘타디나,버팔로 모짜렐라,짜요 ,좀 짜네요. 용기가 뚜껑까지 있어 보관이 용이한 건 좋지만요.,2020-09-30,4
237,모짜렐라,라 콘타디나,버팔로 모짜렐라,고객센터 이용 후기.. 적을곳이 없어 여기에 하소... ,9.25(금) 주문하고 9.26(토) 택배배송받았는데요 ,2020-09-29,7
238,모짜렐라,라 콘타디나,버팔로 모짜렐라,맛있어요^^ ,좋아요!!무화과랑 함께 먹으니 맛있어요^_^,2020-09-28,4
239,모짜렐라,라 콘타디나,버팔로 모짜렐라,맛있어요 ,부라타 대용으로 좋아요,2020-09-28,17
240,모짜렐라,라 콘타디나,버팔로 모짜렐라,맛있어요 ,샐러드에 찢어서 먹으면 맛있어요,2020-09-27,16
241,모짜렐라,라 콘타디나,버팔로 모짜렐라,맛있어요 ,치즈는 다 맛있지만 ㅋㅋ 이것도 참 맛있구. 먹다보면 되게 뽀얀 맛(?) 이다 싶어요,2020-09-27,3
242,모짜렐라,라 콘타디나,버팔로 모짜렐라,별..로.. ,별로입니다 ㅜㅜ,2020-09-24,16
243,모짜렐라,라 콘타디나,버팔로 모짜렐라,맛 ,토마토랑 카프레제 해먹으려고 구매~ 맛있어요,2020-09-24,5
244,모짜렐라,라 콘타디나,버팔로 모짜렐라,그냥 ,어떤 부분은 말라 있고.. 생각만큼 맛있진 않아요,2020-09-23,7
245,모짜렐라,라 콘타디나,버팔로 모짜렐라,부라타와 비교하면 실망 ㅜ ,그냥 그래요 부라타랑 비교하려고 먹어봄,2020-09-23,28
246,모짜렐라,라 콘타디나,버팔로 모짜렐라,치즈 ,부드럽고 신선하며 너무 맛있어요~,2020-09-23,12
247,모짜렐라,라 콘타디나,버팔로 모짜렐라,부드러워요 ,다른 모짜렐라보다 가운데 부분이 부드러워서 샐러드에 통째로 올려서 나이프로 잘라서 먹어도 괜찮습니다,2020-09-23,18
248,모짜렐라,라 콘타디나,버팔로 모짜렐라,맛있어요 ,부드럽고 신선한 맛이에요,2020-09-23,2
249,모짜렐라,라 콘타디나,버팔로 모짜렐라,맛있어요 ,고소하고 쫄깃 맛나게 먹었구 재구매했습니다,2020-09-22,2
250,모짜렐라,라 콘타디나,버팔로 모짜렐라,굿 ,너무 맛있습니다 !!,2020-09-22,7
251,모짜렐라,라 콘타디나,버팔로 모짜렐라,맛있어요 ,셀러드에,2020-09-22,11
252,모짜렐라,라 콘타디나,버팔로 모짜렐라,이거 진짜 맛있어요 ,너무 맛있어서 요리에 넣기도 아까울정도예요,2020-09-21,3
253,모짜렐라,라 콘타디나,버팔로 모짜렐라,존맛... ,사세요 꼭사세요!! 카프레제 해먹음 좋아요,2020-09-21,1
254,모짜렐라,라 콘타디나,버팔로 모짜렐라,맛없는 모짜렐라 ,두번사기 아까운 치츠ㅡㅡ,2020-09-21,4
255,모짜렐라,라 콘타디나,버팔로 모짜렐라,맛있네요~~ ,토마토랑 같이 샐러드 먹음. 맛있어요~~,2020-09-21,1
256,모짜렐라,라 콘타디나,버팔로 모짜렐라,별루여 ,단단하지않고,2020-09-20,7
257,모짜렐라,라 콘타디나,버팔로 모짜렐라,괜찮 ,부라타치즈 계속 품절이라 대타구매했는데,2020-09-20,0
258,모짜렐라,라 콘타디나,버팔로 모짜렐라,무난 ,샐러드 만들어 먹었는데 무난 쏘쏘,2020-09-19,4
259,모짜렐라,라 콘타디나,버팔로 모짜렐라,향이 있어요 ,향이 좀 진한듯ㅠㅠ,2020-09-18,8
260,모짜렐라,라 콘타디나,버팔로 모짜렐라,부라타보다 버팔로 ,요즘 부라타가 인기인데 저는 버팔로가 더 씹는 맛이 있어서 좋더라구요. 샤인머스켓이랑 같이 먹으니 꿀맛이에요,2020-09-18,10
261,모짜렐라,라 콘타디나,버팔로 모짜렐라,유통기한이 생각보다 더 짧네영 ,맛있을 것 같아영 ㄱ대돼요,2020-09-18,6
262,모짜렐라,라 콘타디나,버팔로 모짜렐라,맛있어요 ,맛있게 잘 먹었습니다.~~,2020-09-17,1
263,모짜렐라,라 콘타디나,버팔로 모짜렐라,모짜렐라 ,나쁘지않아요 맛있게먹었어요,2020-09-17,2
264,모짜렐라,라 콘타디나,버팔로 모짜렐라,맛잇어요 ,언제나 만족합니다 재구매,2020-09-17,2
265,모짜렐라,라 콘타디나,버팔로 모짜렐라,좋아요 ,부라타 치즈 대신 사봤어요,2020-09-16,1
266,모짜렐라,라 콘타디나,버팔로 모짜렐라,카프레제 ,해먹었는데 꽤 맛있었어요,2020-09-16,7
267,모짜렐라,라 콘타디나,버팔로 모짜렐라,괜찮네요 ,부라타 치즈가 계속 품절이라 구입했어요,2020-09-16,8
268,모짜렐라,라 콘타디나,버팔로 모짜렐라,빨리 먹고 싶네요 ,컬리에서 주문을 했네요,2020-09-16,1
269,모짜렐라,라 콘타디나,버팔로 모짜렐라,아직 ,먹어보지않아서 맛은 모르겠어요 ,2020-09-16,7
270,모짜렐라,라 콘타디나,버팔로 모짜렐라,고소한맛 ,그냥 모짜보다 더 고소하고 풍미가 있어요,2020-09-16,0
271,모짜렐라,라 콘타디나,버팔로 모짜렐라,넘 맛잇어요 ,맛있게 먹었어요 또 구매,2020-09-15,1
272,모짜렐라,라 콘타디나,버팔로 모짜렐라,샐러드만들기 추천 ,부라타치즈가 품절이라서 버팔로 모짜렐라로 샐러드를 만들어봤어요. 퐁신퐁신한 질감이라서 부라타치즈와 유사해요. 가격대비로 봤을 때도 괜찮은 것 같아요,2020-09-15,16
273,모짜렐라,라 콘타디나,버팔로 모짜렐라,맛있어요 ,샐러드랑 피자에 토핑했는데 맛있어서 잘먹네요,2020-09-15,10
274,모짜렐라,라 콘타디나,버팔로 모짜렐라,셀러드 ,야채와하몽,2020-09-15,6
275,모짜렐라,라 콘타디나,버팔로 모짜렐라,맛있어요 , 모짜렐라 좋아해서 자주 구매해요,2020-09-14,5
276,모짜렐라,라 콘타디나,버팔로 모짜렐라,원하던 맛이랑 조금 다름 ㅎㅎ ,따뜻해야 쫀득하고 맛있는거 같아요. 한시간 전에 꺼내놓으세요.,2020-09-14,18
277,모짜렐라,라 콘타디나,버팔로 모짜렐라,맛있어요 ,안전하게 잘포장되서 받았어요 샐러드랑 잘먹었어요,2020-09-14,3
278,모짜렐라,라 콘타디나,버팔로 모짜렐라,맛있어요 ,가격만 저렴하면 자주 사먹고 싶어요 ㅎ,2020-09-13,17
279,모짜렐라,라 콘타디나,버팔로 모짜렐라,샐러드용으로 좋아요 ,자주 사서 먹는데 간단 샐러드나 토마토 파스타에 같이 넣음 너무 맛나요,2020-09-13,20
280,모짜렐라,라 콘타디나,버팔로 모짜렐라,버팔로 모짜렐라 ,부라타 치즈 품절이라 대용으로 사봤어요,2020-09-13,21
281,모짜렐라,라 콘타디나,버팔로 모짜렐라,나쁘지 않아요 ,맛이 나쁘지 않아요. 가성비 괜찮은듯!,2020-09-12,10
282,모짜렐라,라 콘타디나,버팔로 모짜렐라,토마토샐러드 ,토마토 샐러드 만들어 먹었어요. 확실히 일반 모짜렐라보다 풍미가 좋네요,2020-09-12,21
283,모짜렐라,라 콘타디나,버팔로 모짜렐라,맛있어요 ,맛있어요.가격도 괜찮고 토마토랑 같이 카프레제해먹음 굿,2020-09-12,8
284,모짜렐라,라 콘타디나,버팔로 모짜렐라,요것도 부라타 대용으로 좋아요 ,부라타 매번 품절이라 구매했는데 너무 괜찮은거 있죠,2020-09-12,4
285,모짜렐라,라 콘타디나,버팔로 모짜렐라,향이 다르긴 하네요 ,버팔로 향이 일반 우유 모짜렐라랑 다르긴 하네요. 전 일반 모짜렐라가 더 취향이긴 합니다. 부라타같은 느낌으로 먹었어요.,2020-09-11,23
286,모짜렐라,라 콘타디나,버팔로 모짜렐라,모짜렐라토마토샐러드 ,토마토랑 같이 먹었는데 너무 맛있었어요.,2020-09-10,14
287,모짜렐라,라 콘타디나,버팔로 모짜렐라,맛나요 ,첨 먹어보는데 맛있네요,2020-09-10,0
288,모짜렐라,라 콘타디나,버팔로 모짜렐라,마쉿다 ,비싸가지고 하나로 반띵 해서 먹음 ㅠ 마쉿어요,2020-09-10,16
289,모짜렐라,라 콘타디나,버팔로 모짜렐라,치즈 ,부라타 떨어졌을때 한번 사봤는데 아직안먹어봤어요. 평이 좋길래 기대됩니다,2020-09-09,9
290,모짜렐라,라 콘타디나,버팔로 모짜렐라,샐러드와 함께 ,너무 고소하고 맛있습니다.,2020-09-09,10
291,모짜렐라,라 콘타디나,버팔로 모짜렐라,너무 맛있어요 ,일반 모짜렐라 카우보다 더 부드러워요,2020-09-08,0
292,모짜렐라,라 콘타디나,버팔로 모짜렐라,부라타치즈 ,맛있어요 고소고소 ~,2020-09-08,16
293,모짜렐라,라 콘타디나,버팔로 모짜렐라,첫구매 ,다른 치즈와는 달리 생모짜렐라는 참 맛있는거 같아요. 아직 먹어 보지 않았지만 기대 중입니다.,2020-09-08,9
294,모짜렐라,라 콘타디나,버팔로 모짜렐라,그냥 쏘쏘 ,다음엔 다른 브랜드 사려구요. 저랑은 안맞는듯..,2020-09-08,15
295,모짜렐라,라 콘타디나,버팔로 모짜렐라,치즈 ,촉촉하고 아주 좋아요,2020-09-04,23
296,모짜렐라,라 콘타디나,버팔로 모짜렐라,담백하고 고소함 ,샐러드에 얹어서 먹었는데 맛이 담백하고 좋아요,2020-09-03,24
297,모짜렐라,라 콘타디나,버팔로 모짜렐라,짱! ,와 이 제품 너무 맛있어요. ,2020-09-03,16
298,모짜렐라,라 콘타디나,버팔로 모짜렐라,흠 ,버팔로 우유라고 해서 특별히 더 맛있는건 모르겠네요. 표면이 더 딱딱한 정도.,2020-09-03,8
299,모짜렐라,라 콘타디나,버팔로 모짜렐라,맛있어요 ,맛있어요 ,2020-09-03,5
300,파마산,사토리,사베치오 파마산,루꼴라믹스위에 솔솔 ,루꼴라믹스를 애용하고있는데요,2020-10-24,3
301,파마산,사토리,사베치오 파마산,넘 맛있는데 넘 작음 ,작아서 슬퍼요 굼방 먹을긋,2020-10-23,4
302,파마산,사토리,사베치오 파마산,배보다.. ,이거 먹으려고 삿다가 그라인더를 사게됬지만 좋아요,2020-10-23,8
303,파마산,사토리,사베치오 파마산,맛있어요. ,파스타나 리조또 먹을때 뿌리려고 샀어요. ,2020-10-22,3
304,파마산,사토리,사베치오 파마산,잘먹었어요 ,후기보고 샀어요~~~,2020-10-22,4
305,파마산,사토리,사베치오 파마산,맛있을듯요 ,파마산 갈아서 리조또해먹으려구요ㅎㅎ기대되요,2020-10-21,10
306,파마산,사토리,사베치오 파마산,파스타랑 ,구매평이 좋아사 구매합니당 ,2020-10-18,6
307,파마산,사토리,사베치오 파마산,매일 생각나~ ,요즘 눈만뜨면 치즈생각에 미치겠어용 ㅠㅠ지금도 먹고싶고.. 저는 스낵용으로 구입했는데 정말 만족합니당 ㅎㅎ 구수해요 짜지않아서 잘라놓고 계속 먹고 있네요!,2020-10-18,9
308,파마산,사토리,사베치오 파마산,리뷰 ,리뷰 좋아서 파스타랑 피자에 올리려고 구매했어요,2020-10-17,11
309,파마산,사토리,사베치오 파마산,사용하던 파마산이 다 떨어져서 샀어요 ,사용하던 파마산이 다 떨어져서 샀어요,2020-10-15,17
310,파마산,사토리,사베치오 파마산,굿굿 ,그레이터가 아직 없어서 칼로 으깨 먹었는데 맛있었어요,2020-10-14,12
311,파마산,사토리,사베치오 파마산,좋아요 ,알리오올리오 만들려고 구입. 좋아요,2020-10-13,4
312,파마산,사토리,사베치오 파마산,오~~ ,오 ~~요거요거 맛있어요,2020-10-13,19
313,파마산,사토리,사베치오 파마산,오 ,깊은맛이 나요 맛나뇨,2020-10-11,16
314,파마산,사토리,사베치오 파마산,맛있어요 ,사토리 치즈 좋아요,2020-10-11,6
315,파마산,사토리,사베치오 파마산,굿 ,고소하고 맛있어요~~청포도와 함께 먹으니 더 맛있어요~,2020-10-10,13
316,파마산,사토리,사베치오 파마산,치즈 ,치즈맛있어요 ㅎㅎㅎ,2020-10-10,13
317,파마산,사토리,사베치오 파마산,맛있네요. ,크림 파스타위에 뿌려 먹으면 풍미가 끝내줘요.,2020-10-09,5
318,파마산,사토리,사베치오 파마산,맛있는 치즈네요 ,맛있는 파마산 치즈에요,2020-10-08,5
319,파마산,사토리,사베치오 파마산,파스타 ,파스타에 넣었는데 잘 어우러 지고 괜찮아요,2020-10-07,3
320,파마산,사토리,사베치오 파마산,조아요 ,파스타에 후두두 뿌려먹으니 굿,2020-10-06,3
321,파마산,사토리,사베치오 파마산,맛있는 texture가 느껴지는 파마잔치즈 굿~~~ ,"맛있는 파마잔 치즈를 사기 늘 어려운데, 이번에는 성공 한 것 같아요. Texture가 느껴지고, 간도 적당하고 맛있어요. 그냥 먹어도, 파스타에 뿌려 먹어도 좋아요^^*",2020-10-06,5
322,파마산,사토리,사베치오 파마산,스파게티와~ ,그레이터로 갈아서 스파게티에 뿌려 먹었어요,2020-10-05,12
323,파마산,사토리,사베치오 파마산,여러가지로 사용가능! ,"샐러드, 스프, 파스타 두루두루 올려먹고 있는데",2020-10-05,13
324,파마산,사토리,사베치오 파마산,파마샄 ,파마산 치즈는 음식 안에 넣어서 촵,2020-10-01,3
325,파마산,사토리,사베치오 파마산,맛있어요~ ,꾸덕꾸덕한게 맛있습니다:),2020-10-01,8
326,파마산,사토리,사베치오 파마산,갈아서 ,파스타 위에 올려먹으려규요,2020-09-29,1
327,파마산,사토리,사베치오 파마산,부드럽고 ,맛잇어요........,2020-09-25,12
328,파마산,사토리,사베치오 파마산,파마산 ,파마산 치즈 맛있어요~,2020-09-25,8
329,파마산,사토리,사베치오 파마산,파마신 너무 좋아요 ,따로 갈아서 쓰진 않았고 안주로 먹는데,2020-09-24,13
330,파마산,사토리,사베치오 파마산,맛있어요 ,맛있네요 파스타네 얹기도 좋고 술안주로도 좋아여,2020-09-22,3
331,파마산,사토리,사베치오 파마산,파스타용으로 ,딸 요청으로 구매. 정통 까르보나라는 달걀과 파마산치즈로... 남은건 크래드에 잘 싸둠.,2020-09-21,15
332,파마산,사토리,사베치오 파마산,추천받아 구매 ,치즈야 다 맛있지만 기대가 크네용,2020-09-20,12
333,파마산,사토리,사베치오 파마산,오~^맛나요 ,비싸긴 한데 맛있네요~~남은건 아껴먹어야겠어요~~,2020-09-19,19
334,파마산,사토리,사베치오 파마산,맛이 풍성해져요 ,버섯리조또에 넣었는데 맛이 정말 풍성해졌어요,2020-09-19,15
335,파마산,사토리,사베치오 파마산,ㅡ ,파스타할땜 이것만써요,2020-09-19,2
336,파마산,사토리,사베치오 파마산,치즈는 사토리! ,맛있어서 5번넘게 구매하는것같아요,2020-09-18,17
337,파마산,사토리,사베치오 파마산,굿 ,이곳저곳 활용도 높은 치즈,2020-09-15,14
338,파마산,사토리,사베치오 파마산,요런 ,통 파마산은 첨인데 기대되네요^^,2020-09-15,20
339,파마산,사토리,사베치오 파마산,파스타에 먹으려고 구매했어요... ,후기 좋아서 구매했어요....,2020-09-15,6
340,파마산,사토리,사베치오 파마산,맛있어요 ,파스타 해먹을 때 마지막에 꼭 뿌려줘요. 너무 맛있어요.,2020-09-13,7
341,파마산,사토리,사베치오 파마산,평범 ,사토리 치즈 보통 다 좋아하는데 얘는 평범해요 일반 파마잔과 다를게 없네요,2020-09-13,14
342,파마산,사토리,사베치오 파마산,딱 찾던 그맛이에요 ,너무너무너무너무 맛있어요.,2020-09-10,26
343,파마산,사토리,사베치오 파마산,굿! ,"파스타, 감자튀김에 뿌려서 먹어요.",2020-09-08,17
344,파마산,사토리,사베치오 파마산,특이해요 ,일반 파마산보다 훨씬 부드럽고 풍미가 독특해요. 맛있긴 한데 파르미지아노 넣었을 때 기대하는 맛이랑 좀 차이가 있을 수 있다는 걸 주의해야할듯합니당.. 까르보나라는 보통 파르미지아노가 더 맛있더라구요 저는..ㅎㅎ,2020-09-04,12
345,파마산,사토리,사베치오 파마산,사베치오 파마산치즈 ,어디에 곁들여도 맛있어요.,2020-09-02,8
346,파마산,사토리,사베치오 파마산,맛있어요 ,깨끗한 맛이어서 좋아요.,2020-09-01,20
347,파마산,사토리,사베치오 파마산,고소합니다 ,사토리치즈는 와인안주최고,2020-08-30,14
348,파마산,사토리,사베치오 파마산,좋아요 ,여러 요리의 맛을 증폭시켜주는 파마산,2020-08-28,9
349,파마산,사토리,사베치오 파마산,두번째 ,시켜요 ㅎㅎ 파스타 같은데 위에 뿌려먹음 진짜 맛나요 그냥 조각 내서 먹어도 굳굳,2020-08-25,17
350,파마산,사토리,사베치오 파마산,제품 설명읽고 구매해 봄 ,이탈리아 산이랑 어떻게 다를지 궁금~,2020-08-22,23
351,파마산,사토리,사베치오 파마산,물건이 오지도 않았는데 배송완료네요 ,물건이 오지도 않았는데 배송완료네요,2020-08-21,5
352,파마산,사토리,사베치오 파마산,치즈 주문이 두번째인데 ,또 안왔어요 또 이것만 빠져놓고 배송했다고..,2020-08-20,12
353,파마산,사토리,사베치오 파마산,집에 ,갈아주는 도구가 없어서 포크로 긁었는데 부드럽게 잘 갈리네요 ㅎ,2020-08-19,5
354,파마산,사토리,사베치오 파마산,맛있어요 ,샐러드에 뿌려서 먹으니 풍미가 좋아서 더 맛있었어요.,2020-08-18,20
355,파마산,사토리,사베치오 파마산,맛나요 ,믿고 사는 파마산 치즈~~ 맛있어요,2020-08-15,6
356,파마산,사토리,사베치오 파마산,맛있어요 ,뇨끼 위에 판에 갈아서(? 뿌려 먹었는데 딱 좋았어요,2020-08-14,17
357,파마산,사토리,사베치오 파마산,중독될꺼 같아요 ,예전에 여행하면서 먹었던 생각이 나서,2020-08-13,26
358,파마산,사토리,사베치오 파마산,와인안주 ,지난번휴가에 와인과함께 좋은사람들과,2020-08-12,20
359,파마산,사토리,사베치오 파마산,최고 ,항상 시켜먹는 크림치즈인데 치즈를 별로 좋아하지 않는 저의 할머니도 고소하다며 드세요,2020-08-11,9
360,파마산,사토리,사베치오 파마산,치즈 ,갈아먹으려고 샀어요,2020-08-11,8
361,파마산,사토리,사베치오 파마산,샤샤샥 눈꽃처럼 ,샐러드나 파스타 어디에나 눈꽃처럼 샤샤샥 뿌려 먹습니다 ,2020-08-11,20
362,파마산,사토리,사베치오 파마산,파스타 ,"샐러드, 파스타에 넣으면 고소하고 맛있어요",2020-08-10,5
363,파마산,사토리,사베치오 파마산,맛있어요 ,파스타에 갈아서 넣으니까 맛있어요,2020-08-07,8
364,파마산,사토리,사베치오 파마산,좋아요. ,맛도 괜찮고 가격도 괜찮네요. ,2020-08-05,23
365,파마산,사토리,사베치오 파마산,짱 ,진짜맛있어요 파스타할때 항상 갈아넣어먹네요 ㅎㅎ,2020-08-05,4
366,파마산,사토리,사베치오 파마산,좋아요 ,김치볶음밥에도 갈아서 막 넣러먹어요 풍미젛아요,2020-08-03,22
367,파마산,사토리,사베치오 파마산,넘 맛있어요 ,파마산 처음으로 하드치즈 사봤는데 완전 만족합니다. 맛있어요.,2020-07-31,27
368,파마산,사토리,사베치오 파마산,너무맛있어요 ,고소함과 깊은 풍미가 아주 최고에요!,2020-07-31,10
369,파마산,사토리,사베치오 파마산,파스타 ,파스타에 뿌려 먹었어요 너무 맛있네요~,2020-07-31,15
370,파마산,사토리,사베치오 파마산,매우 만족 ,아주 잘 활용하고 있습니다 품질 굿,2020-07-31,6
371,파마산,사토리,사베치오 파마산,재구매 ,샐러드에 뿌려도 좋아요,2020-07-30,3
372,파마산,사토리,사베치오 파마산,풍미 굿 ,이 치즈로 바질페스토 만들어서 파스타 해먹었어요,2020-07-30,7
373,파마산,사토리,사베치오 파마산,파스타에 올리니 ,아주 고급지고 맛있네요.,2020-07-29,11
374,파마산,사토리,사베치오 파마산,좋아요 ,토핑하면 넘 맛있어요,2020-07-29,9
375,파마산,사토리,사베치오 파마산,좋아요 ,파스타 위에 그라인더로 갈아서 올리니 풍미가 좋아지네요,2020-07-27,3
376,파마산,사토리,사베치오 파마산,갈아먹고 먹고 ,파스타나 샐러드나 어디든 뿌릴라고 한번 사봤어요 ,2020-07-27,8
377,파마산,사토리,사베치오 파마산,무난해요 ,평소에 생각하던 파마산치즈,2020-07-26,14
378,파마산,사토리,사베치오 파마산,파마산 ,깊고 진한 파마산 치즈,2020-07-26,5
379,파마산,사토리,사베치오 파마산,사토리 ,다맛있어요 늘 구매,2020-07-23,20
380,파마산,사토리,사베치오 파마산,잘 , 받아서 요리에 썼어요,2020-07-22,6
381,파마산,사토리,사베치오 파마산,파스타나 샐러드에 ,리조또 해먹을때 치즈그레이터로 갈아서 넣었는데 풍미가 좋았어요~ 양도 넉넉해서 좋아요~,2020-07-20,7
382,파마산,사토리,사베치오 파마산,여기저기 ,여기저기에 뿌려 먹어요. ,2020-07-20,4
383,파마산,사토리,사베치오 파마산,강판에 갈아서 파스타랑 샐러드에 넣어먹어보려구요 ,"더 저렴한 그라나파다노 많이 먹었었는데, 한번 먹어보려고 사봤어요. 기존 제품보다 아무래도 좀 더 올드한 치즈 같아요. 샐러드랑 파스타에 올려먹으면 풍미가 좋을거 같아요. 와인안주로도 굿! 유통기한 넉넉하지만 한번 오픈하면 잘 곰팡이가 생기니까 유산지로 잘 보관해보려구요 :) 얇디 얇은 포장은 조금 아쉽지만 맛은 있어 보여요 ㅎㅎ",2020-07-20,6
384,파마산,사토리,사베치오 파마산,맛남 ,아주 맛있어요~~~,2020-07-17,4
385,파마산,사토리,사베치오 파마산,좋아요 ,고기 풍미를 한껏 끌어올려 주네요 ,2020-07-16,5
386,파마산,사토리,사베치오 파마산,정통 까르보나라 소스 만들때 딱이에요 ,갈린것보다 풍미가 훨씬 살아요,2020-07-15,8
387,파마산,사토리,사베치오 파마산,맛나요 ,샐러드에 뿌려먹으면 너무 좋아요,2020-07-14,11
388,파마산,사토리,사베치오 파마산,진짜 대박 ,구매한이후에 처음으로 오늘 스파게티 해먹으면서 먹어봤는데 정말 대박입니다. 짱 맛나요:) 2 thumbs up!!!,2020-07-13,10
389,파마산,사토리,사베치오 파마산,파마산 ,파마산 이번에 처음 구매했어요,2020-07-12,5
390,파마산,사토리,사베치오 파마산,우리가 먹던 그 맛! 굿! ,파스타 집이나 브런치 가게 가면 먹던 그 맛입니다. 맛있습니다. 샐러드를 먹을 때 위에 먹고 또 갉아서 올려 먹습니다. ,2020-07-11,39
391,파마산,사토리,사베치오 파마산,담백 ,담백하고 많이 짜지 않고 너무 맛있네요,2020-07-10,6
392,파마산,사토리,사베치오 파마산,샐러드용 ,샐러드 위에 뿌려 먹으려고 샀어요. 두루두루 쓰기 좋아요.,2020-07-08,2
393,파마산,사토리,사베치오 파마산,유통기한 넉넉 ,하고 좋네요 다 먹을 수 있겠어요,2020-07-07,14
394,파마산,사토리,사베치오 파마산,러브잇 ,치즈 넘 조아하는데 넘 맛남,2020-07-05,18
395,파마산,사토리,사베치오 파마산,아직 ,먹어보진 않았는데 생각보다 작았어요,2020-07-05,0
396,파마산,사토리,사베치오 파마산,맛나요~~ ,파스타에 갈아 넣으니~~살살 녹아요!!,2020-07-05,4
397,파마산,사토리,사베치오 파마산,파마신 ,파마산 좋아해서 샀어용,2020-07-04,17
398,파마산,사토리,사베치오 파마산,후기가 좋아 ,주문했어요 와인과 먹을려고합니다,2020-07-01,20
399,파마산,사토리,사베치오 파마산,후기 ,가 좋아서 구입 비싸지만 맛있겠죠?,2020-06-30,14
400,리코타,콜롬보,리코타,ㄹㅋㅌ ,리코타 세일해서 샀어요,2020-10-30,9
401,리코타,콜롬보,리코타,로메인과 견과류랑 ,로메인과 견과류 넣고 계란에 올리브오일 뿌리고 발사믹으로 마무리! 리코타 요 브랜드 첨 사보는데 좋네요. 푸석하지 않아서 좋아요.,2020-10-29,12
402,리코타,콜롬보,리코타,치즈덕후 ,리코타치즈 고소하고 새콤하고 샐러드용으로 쟁입니다,2020-10-29,3
403,리코타,콜롬보,리코타,리코타 최고 ,부드럽고 담백한 우유맛이 너무 좋아요 ,2020-10-29,5
404,리코타,콜롬보,리코타,맛있어요 ,부드럽고 아주 좋네요,2020-10-29,6
405,리코타,콜롬보,리코타,리코타치즈 재구매 ,재입고 되자마자 구매했어요 자주 시켜먹는데 맛있어요,2020-10-29,9
406,리코타,콜롬보,리코타,추천 ,마리네이드한 토마토랑 먹었는데 아주 맛있었어요,2020-10-29,4
407,리코타,콜롬보,리코타,매번 구매하는 리코타치즈 ,맛있어서 자주 구매합니당.,2020-10-29,7
408,리코타,콜롬보,리코타,아쉽 ,많이 묽어요ㅠㅠ 꾸덕한걸로 찾아봐야겟어요 다시,2020-10-29,11
409,리코타,콜롬보,리코타,먹어보고 ,리코타치즈 먹어보고 싶어서 샀어요 맛있음 또 구매할게요,2020-10-29,7
410,리코타,콜롬보,리코타,맛있어요 ,맛있어요. 샐러드 위에 토핑해서 먹었는데 맛있네요,2020-10-29,0
411,리코타,콜롬보,리코타,좋아요!! ,맛있어요!!!!!!,2020-10-29,0
412,리코타,콜롬보,리코타,리코타 ,샐러드에 넣어먹음 마싯을거같애서 비싸도삿어여,2020-10-28,6
413,리코타,콜롬보,리코타,좋아요 ,샐러드와 곁들이려구요,2020-10-28,2
414,리코타,콜롬보,리코타,리코타치즈 ,맛나요 담백하고 생러드먹기 좋아요,2020-10-28,2
415,리코타,콜롬보,리코타,리코타 , 무난한 리코타치즈네요,2020-10-28,5
416,리코타,콜롬보,리코타,재구매 ,한동안 품절이라 재입고 기다리다 샀어요 집에서 만든 것처럼 담백해서 빵이랑 간단히 먹기 좋아요,2020-10-28,13
417,리코타,콜롬보,리코타,첫 구매 ,콜롬보 리코타치즈는 처음 구매해봤는데...,2020-10-28,12
418,리코타,콜롬보,리코타,단맛이약함 ,이건 단맛이좀 약한듯합니다,2020-10-28,12
419,리코타,콜롬보,리코타,삿어뇨 ,리코타 조아하서 삿어염,2020-10-28,12
420,리코타,콜롬보,리코타,ㅇ ,먹어보고 재구매~깔끔한 맛~,2020-10-28,7
421,리코타,콜롬보,리코타,맛나요 ,리코타샐러드 해먹음 넘 맛나요,2020-10-27,9
422,리코타,콜롬보,리코타,샐러드용 ,샐러드에 넣어서먹어요~ 한두스푼,2020-10-27,8
423,리코타,콜롬보,리코타,좋아요 ,리코타 샐러드로 맛있게 잘 먹었어요,2020-10-27,0
424,리코타,콜롬보,리코타,쏘쏘 ,생각보다 그냥 그랬어요,2020-10-27,2
425,리코타,콜롬보,리코타,좋아요 ,무화과 샐러드에 곁들여 먹엇는데 손님들이 많있다고 브랜드 물어보셔서 홍보 많이 해드렸내요,2020-10-27,7
426,리코타,콜롬보,리코타,샐러드용 ,샐러드에 소스없이 리코타치즈 넣어서 먹는데 괜찮네요.,2020-10-27,10
427,리코타,콜롬보,리코타,샐러드 ,해먹었어요,2020-10-27,1
428,리코타,콜롬보,리코타,약간 아쉬움 ,수분이 좀 많은 편,2020-10-27,6
429,리코타,콜롬보,리코타,괜찮은편이랍니다. ,맛은 무난하고 신선해요!,2020-10-27,11
430,리코타,콜롬보,리코타,두부 식감 ,푸글리제 품절이라 이거 시켜 봤거든요. 개인적으로 부드러운 게 좋은데 이건 약간 순두부 식감이에요. 맛도 밍밍하고요.,2020-10-26,3
431,리코타,콜롬보,리코타,묽어요 ,꾸덕할 줄 알았는데 생각보다 묽어요,2020-10-26,12
432,리코타,콜롬보,리코타,샐러드에 ,샐러드에 뚝뚝 떠 넣어 엊히니 아주 좋네요,2020-10-26,2
433,리코타,콜롬보,리코타,리코타 ,리코타치즈 샐러드 해먹으려고요 ㅎㅎ,2020-10-26,7
434,리코타,콜롬보,리코타,좋아요 ,맛잇어요 가격도적당해여,2020-10-26,3
435,리코타,콜롬보,리코타,부드럽고 맛있어요 ,부드럽고 잘 발려지면서 맛있어요,2020-10-26,3
436,리코타,콜롬보,리코타,너무 좋아요 ~ ,정말 꾸덕하거 제가 너무 좋아하는 ,2020-10-26,12
437,리코타,콜롬보,리코타,조아요 ,고소하구 맛있어용 ~~,2020-10-26,7
438,리코타,콜롬보,리코타,고소해요 ,담백 고소 괜찮네요,2020-10-25,11
439,리코타,콜롬보,리코타,모르겠어요 ,리코타치즈 자체를 무슨맛으로 먹는지 모르겠어요ㅠㅠ,2020-10-25,14
440,리코타,콜롬보,리코타,굿 ,진짜 맛있어요 고소하고 담백해요,2020-10-25,5
441,리코타,콜롬보,리코타,rich 하고thick해요 ,쫀쫀하고 맛있네요,2020-10-25,6
442,리코타,콜롬보,리코타,부드러워요.. ,부드러워 샐러드에 같이 먹기 좋아요..,2020-10-25,3
443,리코타,콜롬보,리코타,리코타 ,리코타 치즈 좋아하는데 맛이 있어요,2020-10-25,3
444,리코타,콜롬보,리코타,굿 ,신싄하고 샐러드에 먹기조아요,2020-10-25,0
445,리코타,콜롬보,리코타,별루 ㅠㅠ ,식감이 다른 리코타보다 물컹한 순두부 같아요 ㅠㅠ,2020-10-25,5
446,리코타,콜롬보,리코타,항상 구매하는 ,가격 좋고 맛있고 자주 자주 구매합니다.,2020-10-24,6
447,리코타,콜롬보,리코타,담백 ,담백하고 맛있군요. 재구매 예정.,2020-10-24,5
448,리코타,콜롬보,리코타,샐러드 해먹으려고 주문 ,오랜만에 밖에서 파는 리코타치즈샐러드 먹고싶어서 주문했는데 치즈가 얼마나 비슷할지 좀 걱정되네요..여러개 중에 콜롬보 리코타치즈 후기가 괜찮은것 같아서 시켰어요,2020-10-24,9
449,리코타,콜롬보,리코타,리코타 ,담백하고 맛있어요 여러모로 잘 먹을 듯 하네요,2020-10-23,5
450,리코타,콜롬보,리코타,그럭저럭 ,무화과랑 같이.먹었어요~,2020-10-23,3
451,리코타,콜롬보,리코타,아직 안먹었는디 ,이코타 치즈 샐러드 핢때 먹어볼라구오,2020-10-23,1
452,리코타,콜롬보,리코타,리코타 ,샐러드와 같이 먹으면 좋아요,2020-10-23,12
453,리코타,콜롬보,리코타,첫구매 , 후기괜찮아서 구매해요,2020-10-23,13
454,리코타,콜롬보,리코타,뇨끼만들때 ,단호박 뇨끼를 만드는데 리코타 치즈를 넣어주면 식감이 좋아서 구매헀어요~~ 단호박 스프에 뇨끼 넣어서 먹으면 맛이 훌륭해요^^,2020-10-22,10
455,리코타,콜롬보,리코타,맛있어요!! ,적당히 포슬해서 맛있어요. 스프레드처럼 빵에 발라 먹어도 맛있을것 같아용,2020-10-22,14
456,리코타,콜롬보,리코타,굿 ,무난해요 좀 단단함,2020-10-22,1
457,리코타,콜롬보,리코타,샤인머스켓과 끝장 존맛 ,샤인머스켓곁들여 수시로 먹어요 최고 애피타이저죠,2020-10-22,6
458,리코타,콜롬보,리코타,맛있어요 ,빵에도 발라먹고 샐러드에도 올려먹고,2020-10-21,13
459,리코타,콜롬보,리코타,담백한 리코타 ,담백한 리코타치즈에요,2020-10-21,13
460,리코타,콜롬보,리코타,이거 괜찮네요 ,양이 많아서 샐러드나 피자위에 넣어 먹어요,2020-10-21,15
461,리코타,콜롬보,리코타,최고! ,그냥먹어도 맛있지만,2020-10-21,9
462,리코타,콜롬보,리코타,슴슴담백 ,묘한 맛이에요 ㅋㅋ 맛있어요,2020-10-21,3
463,리코타,콜롬보,리코타,샐러드 ,무난하게 맛있어용~,2020-10-21,9
464,리코타,콜롬보,리코타,맛있어요 ,세일하면 항상 사요~ 짜지않고 고소해용,2020-10-21,5
465,리코타,콜롬보,리코타,맛있어요 ,몽글몽글 맛있어요,2020-10-21,4
466,리코타,콜롬보,리코타,조금 아쉽네용 ,속으로 퍼내니 물기가 생각보다 많아요 ㅠ,2020-10-21,11
467,리코타,콜롬보,리코타,샐러드 ,리코타 샐러드 먹으려고 구매했어요,2020-10-21,9
468,리코타,콜롬보,리코타,리코타 ,샐러드 해 먹을려고,2020-10-20,2
469,리코타,콜롬보,리코타,좋아요. ,아직 개봉전이지만 리코타는 진리죠.,2020-10-20,7
470,리코타,콜롬보,리코타,리코타 샐러드 만들어 먹었어요 ,리코타 치즈로 샐러드 만들려고 발사믹 식초랑 구매했습니다 만족합니다,2020-10-20,9
471,리코타,콜롬보,리코타,몽글몽글 ,수분이 많고 몽글몽글한 질감이에요.,2020-10-20,5
472,리코타,콜롬보,리코타,가지말이 ,할때먹었어요 맛나요,2020-10-20,6
473,리코타,콜롬보,리코타,리코타 ,여기저기 같이 곁들여먹기 좋아요,2020-10-20,1
474,리코타,콜롬보,리코타,맛있네요 ,샐러드 도시락 싸갑니당,2020-10-20,4
475,리코타,콜롬보,리코타,잘부서짐 ,잘부서져요ㅠㅠ 맛은괜춘,2020-10-20,2
476,리코타,콜롬보,리코타,먹기전 ,리코타 중에서 후기 많아서 구매했습니다.,2020-10-20,5
477,리코타,콜롬보,리코타,부드러운데 ,진한 느낌이 없네요,2020-10-20,6
478,리코타,콜롬보,리코타,푸글리제보다 ,조금더 크리미한 맛이고 벨지오이오소보다는 덜 기름져요 푸글리제가 가장 신선한 우유의 맛에 가깝게 느껴짐,2020-10-20,6
479,리코타,콜롬보,리코타,오늘이 10월 20일 ,11월 2일까지더라구요 유통기한이,2020-10-20,5
480,리코타,콜롬보,리코타,기대 ,아직 안먹었는디 기대중이요,2020-10-20,1
481,리코타,콜롬보,리코타,함께 구입한 ,발사믹식초랑 샐러드해서 먹으려고 샀어요,2020-10-20,0
482,리코타,콜롬보,리코타,유통기한 12일 ,유통기한 12일 남은 걸 보내주시다니...이 정도면 설명 페이지에 ‘유통기한 임박’이라 적어야 하는 거 아닌가요?!,2020-10-20,2
483,리코타,콜롬보,리코타,괜찮았어요 ,제가 생각한 쫀쫀하고 식당에서 먹은 단 치즈는 아니라 당황 근데 먹어보니 부드럽고 고소해서 샐러드용으로 최고,2020-10-20,1
484,리코타,콜롬보,리코타,평이 좋어서 샀어요 ,맛있을거 같아요!!,2020-10-19,4
485,리코타,콜롬보,리코타,샐러드용 ,샐러드용으로 좋아요. 맛도 괜찮아요,2020-10-19,1
486,리코타,콜롬보,리코타,참 맛있어요 ,맛있어요,2020-10-19,3
487,리코타,콜롬보,리코타,샐러드랑~ 맛있어요 ,치즈랑 과일 좀 얹어서 샐러드 해먹으니 꿀맛이네요. 개봉하면 빨리 먹어야 할 것 같아서 3일간 3번에 나눠 먹었는데 맛 변화 없고 아주 괜찮았어요. 또 시킬 것 같아요.,2020-10-19,5
488,리코타,콜롬보,리코타,좋아요 ,두번째 사먹는 데,2020-10-19,3
489,리코타,콜롬보,리코타,맛있어요 ,고소하고 맛있네요,2020-10-19,2
490,리코타,콜롬보,리코타,음 ,괜찮은 것 같아요!,2020-10-19,3
491,리코타,콜롬보,리코타,샐러드에~ ,먹기 적당하고 맛난 치즈에요,2020-10-18,13
492,리코타,콜롬보,리코타,맛있어요 ,샐러드에 같이 먹으니까 담백하고 맛있어요 샤인머스켓이랑 조합이 좋은 것 같아요,2020-10-18,2
493,리코타,콜롬보,리코타,맛있어요 ,맛 괜찮네요 부드러워요,2020-10-18,1
494,리코타,콜롬보,리코타,굳 ,샐러드에 먹는데 탑 2안에 드는 것 같아요!,2020-10-18,8
495,리코타,콜롬보,리코타,맛잇게 ,맛잇게 잘먹었어요 좋네요,2020-10-18,7
496,리코타,콜롬보,리코타,쏘쏘 ,아주 맛있지도 맛없지도 않은 맛,2020-10-18,2
497,리코타,콜롬보,리코타,맛있어요 , 맛있어요~~~~~~,2020-10-18,1
498,리코타,콜롬보,리코타,맛있어요 ,다른거에비해 싱겁긴 하지만 건강한맛이라고 생각해요,2020-10-17,2
499,리코타,콜롬보,리코타,고소고소 ,보드랍고 고소하고 넘 맛잇어요~~,2020-10-17,11
500,까망베르,카스텔로,덴마크 까망베르 치즈,1,아이가 완전 좋아해용~~,2020-10-29,1
501,까망베르,카스텔로,덴마크 까망베르 치즈,치즈 ,호기심에 사봣어요 맛나면 재구매 해야죠,2020-10-29,2
502,까망베르,카스텔로,덴마크 까망베르 치즈,와인안주 ,오븐에 살짝 돌려서 메이플시럽에 견과류 올려 먹으니 순삭이네요ㅎ,2020-10-28,0
503,까망베르,카스텔로,덴마크 까망베르 치즈,만족 ,유통기한 넉넉하네요. 기대됩니다.,2020-10-28,4
504,까망베르,카스텔로,덴마크 까망베르 치즈,좋아요 ,할인하네요 맛 괜찮아요,2020-10-28,3
505,까망베르,카스텔로,덴마크 까망베르 치즈,까맹베르 ,치즈는 어떻게먹어야 맛있을까용,2020-10-28,3
506,까망베르,카스텔로,덴마크 까망베르 치즈,제맘에 쏙들어요. ,안짜고 맛있어요 ㅎㅎ,2020-10-28,1
507,까망베르,카스텔로,덴마크 까망베르 치즈,안주로 ,안주로 최고 추천해용,2020-10-28,3
508,까망베르,카스텔로,덴마크 까망베르 치즈,빵과 함께 할 수 밖에 없는 제품! , 베이글에 발라먹으면 최고입니다ㅎㅎ,2020-10-28,1
509,까망베르,카스텔로,덴마크 까망베르 치즈,맛있어요 ,생각보다 크기는 작네요! 그래도 넘 맛있어욪,2020-10-28,5
510,까망베르,카스텔로,덴마크 까망베르 치즈,맛있어요 ,와인이랑 같이 먹으려고 샀는데 좋아요,2020-10-27,2
511,까망베르,카스텔로,덴마크 까망베르 치즈,과일과 잘어울리는 은은한 치즈 ,신규회원 1000원 애플청포도랑 같이 먹을라고 샀어요,2020-10-27,5
512,까망베르,카스텔로,덴마크 까망베르 치즈,너무 맛있어오 ,가성비 굉장히 좋네요,2020-10-27,3
513,까망베르,카스텔로,덴마크 까망베르 치즈,. ,까망베르 최고에요.,2020-10-27,1
514,까망베르,카스텔로,덴마크 까망베르 치즈,저렴히 ,구매했는데 맛있겠죠,2020-10-26,7
515,까망베르,카스텔로,덴마크 까망베르 치즈,맛있어요 ,치즈는 사랑♡ 좋아요,2020-10-26,7
516,까망베르,카스텔로,덴마크 까망베르 치즈,와인 안주 ,오븐에 구워서 꿀 뿌려서 먹는데 1분에 순삭이네요,2020-10-25,6
517,까망베르,카스텔로,덴마크 까망베르 치즈,^^ ,사과 치즈 루꼴라 꿀 넣고 샌드위치해먹으면 굿♡,2020-10-25,2
518,까망베르,카스텔로,덴마크 까망베르 치즈,^^ ,짭조름하고 고소해요#^,2020-10-25,2
519,까망베르,카스텔로,덴마크 까망베르 치즈,치즈 ,이거 은근 괜찮습니다 초보자도 괜찮을 맛,2020-10-25,0
520,까망베르,카스텔로,덴마크 까망베르 치즈,샌드위치 ,샌드위치용으로 사용하려구요~,2020-10-25,1
521,까망베르,카스텔로,덴마크 까망베르 치즈,맛있어요~ ,와인에 먹으려고 샀어요~,2020-10-24,1
522,까망베르,카스텔로,덴마크 까망베르 치즈,와인안주 ,아주 맛있어요 추천,2020-10-24,2
523,까망베르,카스텔로,덴마크 까망베르 치즈,재구매 ,세일할때 추가 구매했어요!,2020-10-24,2
524,까망베르,카스텔로,덴마크 까망베르 치즈,재구매 ,"세일해서 재구매했어요, 맛있어요!",2020-10-24,1
525,까망베르,카스텔로,덴마크 까망베르 치즈,까망베르 치즈 ,와인안주로 구매합니다,2020-10-24,0
526,까망베르,카스텔로,덴마크 까망베르 치즈,카망베르 치즈 ,카나페를 저녁마다 먹는 편이라 구매했어요! 맛있으면 또 주문 해야겠어요.,2020-10-24,2
527,까망베르,카스텔로,덴마크 까망베르 치즈,맛있어요 *.* ,어제도착하자마자 먹어봤는데 맛있어요. 쓰지도않고 벌써 절반이나 먹었네요. 또 사러올게요,2020-10-23,1
528,까망베르,카스텔로,덴마크 까망베르 치즈,까망베르치즈~ ,좋아해요~ 와인안주로도 너무 좋고 이번엔 아이가 먹고 싶다고 해서 바로 주문했어요~,2020-10-23,5
529,까망베르,카스텔로,덴마크 까망베르 치즈,치즈구이로 으뜸! ,"살짝 칼집내고 견과류와 건과일, 꿀 뿌려 오븐이나 에프에 살짝 구워주면 아주 눈돌아가는 맛에 끊을 수가 없음",2020-10-23,5
530,까망베르,카스텔로,덴마크 까망베르 치즈,굿~ ,토마토와 함께 먹으면 풍미가 끝~,2020-10-23,3
531,까망베르,카스텔로,덴마크 까망베르 치즈,굿 ,꿀이랑 같이 먹으려고 주문했어요,2020-10-23,1
532,까망베르,카스텔로,덴마크 까망베르 치즈,치즈 맛 조아요 ,와인에 너무 맛있는 치즈입니다,2020-10-23,3
533,까망베르,카스텔로,덴마크 까망베르 치즈,굿 ,맛있어서 자주 구매,2020-10-23,0
534,까망베르,카스텔로,덴마크 까망베르 치즈,샌드위치용 ,으로 맛있게 사용했어요~,2020-10-22,3
535,까망베르,카스텔로,덴마크 까망베르 치즈,고소해요 ,맛있게 잘먹었어요. 고소해요,2020-10-22,1
536,까망베르,카스텔로,덴마크 까망베르 치즈,와인안주 ,까망베르 치즈 좋아하는데 아직 맛은 모르겠지만 조만간 와인에?,2020-10-22,4
537,까망베르,카스텔로,덴마크 까망베르 치즈,"일부는 변질되었지만, 일부는 괜찮았어요. ","세일도 하고해서 여러개 구입했는데 두개는 진공이 풀려서 까맣고 딱딱해진 상태였어요. 다행히 세번째 개봉한건 멀쩡하네요. 풍미가 짙어서 선호하는 제품이었는데, 불투명한 비닐에 쌓여있어서 개봉을 완전히 하기 전에는 제품 상태를 몰라서 앞으로는 소량으로 구입해야할거 같아요. 마지막사진이 상한제품사진..",2020-10-22,7
538,까망베르,카스텔로,덴마크 까망베르 치즈,까망베르 ,매번 구매하고 있어요.,2020-10-22,6
539,까망베르,카스텔로,덴마크 까망베르 치즈,맛있어요 ,사과꿀견과류와 함께 먹었어요,2020-10-22,5
540,까망베르,카스텔로,덴마크 까망베르 치즈,진해요 ,까망베르 치즈구이 해먹었어요,2020-10-21,0
541,까망베르,카스텔로,덴마크 까망베르 치즈,넘 맛있어요 ,호텔뷔페에서 먹던맛이네요,2020-10-21,2
542,까망베르,카스텔로,덴마크 까망베르 치즈,굿 ,오븐에 넣어 녹여 퐁듀처럼 먹으니 좋으네요,2020-10-21,1
543,까망베르,카스텔로,덴마크 까망베르 치즈,재구매 ,카스텔로 가성비 좋아요 다른치즈는 너무비싸요,2020-10-21,4
544,까망베르,카스텔로,덴마크 까망베르 치즈,까망베르 치즈구이 ,치즈구이 해서 빵에 발라먹기 좋아요,2020-10-21,10
545,까망베르,카스텔로,덴마크 까망베르 치즈,까망베르체고 ! ,저는브리보다 까망베르가 훨씬 좋더라구요,2020-10-20,2
546,까망베르,카스텔로,덴마크 까망베르 치즈,레이디버그에 나오는 까망베르치즈 ,아이들이 즐겨보는 만화에 나오는 그 까망베르 치즈.맛나대요,2020-10-20,5
547,까망베르,카스텔로,덴마크 까망베르 치즈,오븐에 구워먹으면 맛있어요 ,지방인데 배송 하루만에 빨리 받았어요,2020-10-19,15
548,까망베르,카스텔로,덴마크 까망베르 치즈,쫀득 ,짜지않고 쫀득해요 하몽이랑 먹으니 맛나요,2020-10-19,6
549,까망베르,카스텔로,덴마크 까망베르 치즈,와인 안주 ,주로 카스텔로 브리치즈 맛있게 먹었었는데 이번엔 카망베르치즈 세일하길래 사봤어요,2020-10-19,13
550,까망베르,카스텔로,덴마크 까망베르 치즈,맛있어요 ,맛있어요~~ >_<,2020-10-19,3
551,까망베르,카스텔로,덴마크 까망베르 치즈,치 ,맛있고좋아요 가성비,2020-10-19,9
552,까망베르,카스텔로,덴마크 까망베르 치즈,와인안주 ,그냥 잘라서 와인안주로 먹었어요 ㅎㅎ치즈냄새 많이 나지않아서 초보자용으로 추천,2020-10-19,3
553,까망베르,카스텔로,덴마크 까망베르 치즈,까망베르 치즈 아이들이 너무 좋아하는거에요 ,하나사서 통크게 반잘라서 한입에 넣을 정도로 좋아해여.. 좀더 세일을 많이 하면 좋겠어요,2020-10-19,7
554,까망베르,카스텔로,덴마크 까망베르 치즈,부드러워요 ,덴마크 치즈는 처음 먹어보는것 같은데 괜찮네요. 가족 중 카스텔로 자주 먹던 사람이 있어서 맛은 안심하고 먹었어요. 질감은 부드럽고 맛도 무난해요. 그램수가 큰 편은 아니어서 그런지 좀 얇아서 잘라먹기 펀해요.,2020-10-19,2
555,까망베르,카스텔로,덴마크 까망베르 치즈,쓴맛나는데 뭐가 맛있다는 거예요? ,까망베르치즈 원래 이런 맛인가요? 어떻게 해먹어야 맛있는 건가요? 선물로 샀는데 맛이 애매해서 아쉬웠어요 ㅠㅠ,2020-10-19,9
556,까망베르,카스텔로,덴마크 까망베르 치즈,덴마크 ,무난하고 맛있어요,2020-10-18,10
557,까망베르,카스텔로,덴마크 까망베르 치즈,까망베르 치즈 ,건강을 위해서 샀는데 양이 적어서 금방 다 먹어버렸네요 ㅋ,2020-10-18,1
558,까망베르,카스텔로,덴마크 까망베르 치즈,굿 ,세일해서 샀습니다~~,2020-10-18,6
559,까망베르,카스텔로,덴마크 까망베르 치즈,와인안주 ,가벼운 와인안주로 맛있습니다,2020-10-18,8
560,까망베르,카스텔로,덴마크 까망베르 치즈,좋아요 ,오랜만에 와인에 치즈가 급 먹고싶어서 주문했는데 아직 개봉전이라 맛은 모르겠고 겉포장은 잘되어 왔네요,2020-10-17,5
561,까망베르,카스텔로,덴마크 까망베르 치즈,안주 ,와인안주로 최고예요,2020-10-17,6
562,까망베르,카스텔로,덴마크 까망베르 치즈,짭잘 ,은근 끝맛이짭잘하네요,2020-10-16,8
563,까망베르,카스텔로,덴마크 까망베르 치즈,맛있넹~ ,아메리카노 한잔에 까망베르 치즈 두조각~,2020-10-16,5
564,까망베르,카스텔로,덴마크 까망베르 치즈,재구매 ,맛있는 제품 저렴하게 구매해서 좋네요~,2020-10-16,9
565,까망베르,카스텔로,덴마크 까망베르 치즈,까망베르 ,먹기 간편해서 좋아요,2020-10-16,11
566,까망베르,카스텔로,덴마크 까망베르 치즈,안주 ,로 제격이죠 짱맛 구워서 꿀 견과류 최고,2020-10-16,9
567,까망베르,카스텔로,덴마크 까망베르 치즈,세일 ,하길래 브리 먹어보고 괜찮아서 까망베르 한번 사봤어요~,2020-10-16,4
568,까망베르,카스텔로,덴마크 까망베르 치즈,여태먹은것중 ,가장 맛있는 까망베르였어요,2020-10-15,10
569,까망베르,카스텔로,덴마크 까망베르 치즈,맛 ,맛있어서 자주 구매,2020-10-15,1
570,까망베르,카스텔로,덴마크 까망베르 치즈,. ,굿굿굿입니다. ㄴㄷㄱㄷㄱ,2020-10-15,1
571,까망베르,카스텔로,덴마크 까망베르 치즈,마일드하고 맛있음 ,금방 다 먹어서 사진 없어요ㅠ,2020-10-14,10
572,까망베르,카스텔로,덴마크 까망베르 치즈,너무 맛있어요 ^^ ,먹고난 뒤 바로 또 생각나는 너무 맛있는 치즈예요^^,2020-10-14,11
573,까망베르,카스텔로,덴마크 까망베르 치즈,맛있어요 ,부드럽고 짜지도 않고 맛있었어요,2020-10-13,8
574,까망베르,카스텔로,덴마크 까망베르 치즈,좋아하는거 ,"뭐라쓰나요,치즈맛 좋아",2020-10-13,11
575,까망베르,카스텔로,덴마크 까망베르 치즈,치즈후기 ,치즈 안짜고 맛있습니다,2020-10-13,4
576,까망베르,카스텔로,덴마크 까망베르 치즈,굿 ,맛있어서 와인이나 맥주 안주로 잘 어울려요,2020-10-12,2
577,까망베르,카스텔로,덴마크 까망베르 치즈,두번째 ,유통기한도 길고 두번째 구매요,2020-10-12,6
578,까망베르,카스텔로,덴마크 까망베르 치즈,맛있어요! ,치즈 초보도 먹기 좋았어요,2020-10-11,6
579,까망베르,카스텔로,덴마크 까망베르 치즈,치즈 ,워낙 졸아해서 구매,2020-10-11,7
580,까망베르,카스텔로,덴마크 까망베르 치즈,애정하는 카스텔로 까망베르 ,항상 쟁여둡니다. ㅎㅎ,2020-10-11,11
581,까망베르,카스텔로,덴마크 까망베르 치즈,맛있어요 ,까망베르는 수시로 먹게되네요,2020-10-10,2
582,까망베르,카스텔로,덴마크 까망베르 치즈,"버섯풍미도 강하고 맛이 좋은제품인데, 항상 녹은... ",렌지에 돌리지않고 그냥 포장 벗긴 상태인데 플라스틱포장지에도 치즈물(?)이 흥건히 고여 굳은상태였어요. 비닐은 딱 붙은상태..,2020-10-08,17
583,까망베르,카스텔로,덴마크 까망베르 치즈,존맛 ,이거 외 않ㅅㅏ??,2020-10-08,9
584,까망베르,카스텔로,덴마크 까망베르 치즈,생각보다 ,꼬랑내가 덜해서 노맛,2020-10-07,8
585,까망베르,카스텔로,덴마크 까망베르 치즈,까망베르 ,오래만에 주문하여 맛을 보니 그리웠도다.,2020-10-07,12
586,까망베르,카스텔로,덴마크 까망베르 치즈,오 진하고 고소하오 ,받자마자 다 먹어버렷네요 ㅎㅎㅎ,2020-10-07,7
587,까망베르,카스텔로,덴마크 까망베르 치즈,좋아염 ,간식으로 뇸뇸 먹습니다,2020-10-06,12
588,까망베르,카스텔로,덴마크 까망베르 치즈,괜춘 , 전에 먹던 것보다 냄새는 덜한데 고소하고 촉촉하네요. 냄새가 덜한게 좀 아쉽지만 그래도 술안주나 간식으러 만족스럽습니다^^,2020-10-06,3
589,까망베르,카스텔로,덴마크 까망베르 치즈,까망베르 ,보다 브리가 더 맛있어요,2020-10-06,3
590,까망베르,카스텔로,덴마크 까망베르 치즈,맥주 안주 ,맥주 안주로 아주 좋아요.,2020-10-06,13
591,까망베르,카스텔로,덴마크 까망베르 치즈,기대 ,후기가 좋아서 기대하고 있어요,2020-10-06,8
592,까망베르,카스텔로,덴마크 까망베르 치즈,그냥 그래요 ,걍 그래요 제 입맛에는 별로요 ㅜㅜ,2020-10-06,7
593,까망베르,카스텔로,덴마크 까망베르 치즈,만족 ,와인 안주나 바게트와 안성맞춤! 맛나요~,2020-10-05,12
594,까망베르,카스텔로,덴마크 까망베르 치즈,좋아하는 까망베르.. ,한번씩 구매해요!!,2020-10-05,3
595,까망베르,카스텔로,덴마크 까망베르 치즈,브리보다 부드러워요 ,"간식으로 초리조, 꿀, 비스켓이랑 먹음 맛나요",2020-10-05,13
596,까망베르,카스텔로,덴마크 까망베르 치즈,오 징짜 맛있네예.. ,일단 비주얼부터 너모 예뻐요 ,2020-10-05,1
597,까망베르,카스텔로,덴마크 까망베르 치즈,이렇게 먹으면 쵝오죵!! ,"가격도 저렴하고, 맛도 좋도 전 항상 이걸 주문해서 ",2020-10-05,8
598,까망베르,카스텔로,덴마크 까망베르 치즈,와인 안주로 딱!! ,"브릭 치즈보다는 큥큥한 냄새가 더 심하지만,치즈에 깊은 맛이 느껴져서 이걸로 구매했어욥 !!",2020-10-05,6
599,까망베르,카스텔로,덴마크 까망베르 치즈,좋아요 ,포장도 꼼꼼하고 좋아요,2020-10-05,1
600,에멘탈,앙트르몽,에멘탈 치즈,치즈 그러인더 ,그러인더에 갈아먹었어요,2020-10-28,6
601,에멘탈,앙트르몽,에멘탈 치즈,이름이 ,귀여워요 ㅜ무슨맛일까요,2020-10-28,9
602,에멘탈,앙트르몽,에멘탈 치즈,굿 ,아이들 어른들 다 잘 먹는 치즈에요~,2020-10-28,12
603,에멘탈,앙트르몽,에멘탈 치즈,슬라이스 없어서 ,구입했는데 역시 맛있어요~,2020-10-27,7
604,에멘탈,앙트르몽,에멘탈 치즈,고소해요 ,조금 쿰쿰해요 하지만 맛남,2020-10-26,13
605,에멘탈,앙트르몽,에멘탈 치즈,좋아요 ,짭짤 고소 맛있어요,2020-10-26,10
606,에멘탈,앙트르몽,에멘탈 치즈,항상 먹는 치즈. ,그냥 먹어도 고소하고 맛있고 빵에 넣어서 파니니 해서 먹어도 맛있어요.,2020-10-26,1
607,에멘탈,앙트르몽,에멘탈 치즈,굳 ,먹어보니 이게 젤 맛있어요,2020-10-25,10
608,에멘탈,앙트르몽,에멘탈 치즈,맛있어요 ,와인과 먹으려고 구매,2020-10-25,16
609,에멘탈,앙트르몽,에멘탈 치즈,와인과 치즈 ,너무 잘어울리는 조합..괜챦았어요.,2020-10-25,7
610,에멘탈,앙트르몽,에멘탈 치즈,치즈 ,여러가지 치즈를 구입 중이에요,2020-10-25,12
611,에멘탈,앙트르몽,에멘탈 치즈,에멘탈치즈 ,샌드위치용 잘썼습니다,2020-10-25,2
612,에멘탈,앙트르몽,에멘탈 치즈,무난해요 ,샌드위치용으로 딱,2020-10-24,2
613,에멘탈,앙트르몽,에멘탈 치즈,쉰걸레 냄새 나요 ,쉰걸레 향이 입안에 너무 진해서 와인 맛을 못 느낄 정도입니다ㅠㅠ,2020-10-24,8
614,에멘탈,앙트르몽,에멘탈 치즈,예쁜 구멍이 뽕뽕 ,있는 향기도 맛도 질감도 쫀득한 맛있는 에멘탈치즈~~치즈는 사랑입니당♡.반은 먹어버린 사진이네요.^^,2020-10-23,7
615,에멘탈,앙트르몽,에멘탈 치즈,처음 ,먹어봤는데 샌드위치랑 조합이 좋네요,2020-10-23,10
616,에멘탈,앙트르몽,에멘탈 치즈,그냥 저냥한 맛 ,무언가 특색있는 치즈는 아니에요.,2020-10-23,8
617,에멘탈,앙트르몽,에멘탈 치즈,의외 ,가격 저렴해서 기대안했는데 의외로 깊은맛,2020-10-23,14
618,에멘탈,앙트르몽,에멘탈 치즈,맛있어요 ,고다보다는 라이트 하지만 꽤 맛있어요,2020-10-22,4
619,에멘탈,앙트르몽,에멘탈 치즈,에멘탈치즈 ,아이가 좋아해서 매번 구입합니다 고소해요,2020-10-22,3
620,에멘탈,앙트르몽,에멘탈 치즈,구수한 에멘탈 치즈 덩어리 ,슬라이스가 아니라 덩어리 치즈라 갂둑썰긴로 작은 큐브로 만들어 크래커 위에 피클과 함께하는 와인 안주로 괜찮아요,2020-10-22,4
621,에멘탈,앙트르몽,에멘탈 치즈,퐁듀용 ,퐁듀할려고 샀어요.,2020-10-22,7
622,에멘탈,앙트르몽,에멘탈 치즈,에멘탈 ,에멘탈 좋아해서 구매했습니다,2020-10-21,14
623,에멘탈,앙트르몽,에멘탈 치즈,에멘탈 ,피자에 넣으려고 주문함,2020-10-21,13
624,에멘탈,앙트르몽,에멘탈 치즈,덩어리가 생각보다 단단하네요 맛은 좋아요 ,덩어리가 생각보다 단단하네요 맛은 좋아요,2020-10-21,6
625,에멘탈,앙트르몽,에멘탈 치즈,음.. ,맛이 많이 심심하네요..퐁듀할때 그냥 재료로 넣어버리려구요.. 제 입맛이랑은 잘 안맞네요 ㅠ ㅠ,2020-10-21,10
626,에멘탈,앙트르몽,에멘탈 치즈,그릴드 치즈 ,하려고 샀는데 그냥도 무난해서 자꾸 집어먹음.,2020-10-20,9
627,에멘탈,앙트르몽,에멘탈 치즈,아직 ,아직 안먹어 봣는데 기대됩니다,2020-10-20,10
628,에멘탈,앙트르몽,에멘탈 치즈,치즈 파스타로 굿 ,치즈 파스타 하려고 구매했어요,2020-10-19,17
629,에멘탈,앙트르몽,에멘탈 치즈,갓성비 ,"가성비 좋고, 맛도 좋아요~",2020-10-19,17
630,에멘탈,앙트르몽,에멘탈 치즈,맛있어요 ,리치몬드 발누스 빵에 에그스프레드바르고 루꼴라랑 존쿡 피프파스트라미해서 먹으면 맛있어요!!!,2020-10-19,15
631,에멘탈,앙트르몽,에멘탈 치즈,JMT ,맛있어요 샐러드 샌드위치 어디에든 잘어울림,2020-10-17,5
632,에멘탈,앙트르몽,에멘탈 치즈,치즈의 풍미를 놓치지 않을꺼예요! ,"풍미가 강한 다른 치즈들에 비해 풍미는 입안에 감돌지만 그렇다고 너무 리치해서 무겁거나 부담되는 맛은 아니라 자주 애용하는 치즈 중 하나인데, 고소한 플레인 비스켓과 먹어도 좋고, 빵위에 다른 섞지않고 에멘탈만 올려 먹어도 맛있고, 과일이랑 같이 먹어도 너무너무너무 맛있는 최애 치즈!",2020-10-16,6
633,에멘탈,앙트르몽,에멘탈 치즈,괜찮아요 ,"가성비 괜찮아요, 샐러드 보단 샌드위치 만들때 좋은 것 같아요",2020-10-16,2
634,에멘탈,앙트르몽,에멘탈 치즈,괜찮아요 ,경성 치즈가 생각나서 구매,2020-10-16,13
635,에멘탈,앙트르몽,에멘탈 치즈,치즈 ,아이들이 좋아하는 치즈라 자주 구매합니다.,2020-10-15,11
636,에멘탈,앙트르몽,에멘탈 치즈,에멘탈 ,구멍이숑숑 무지크네요그램수는같겠죠?,2020-10-15,13
637,에멘탈,앙트르몽,에멘탈 치즈,치즈 ,에멘탈 치즈 맛있습니다.,2020-10-15,16
638,에멘탈,앙트르몽,에멘탈 치즈,치즈 ,에멘탈 치즈 맛있습니다,2020-10-15,12
639,에멘탈,앙트르몽,에멘탈 치즈,굿 ,ㅋㅋ 요건 매번 사는 와인안주예요,2020-10-15,2
640,에멘탈,앙트르몽,에멘탈 치즈,. ,진하고 좋아요. ㄴㄷㄱㄷ,2020-10-15,2
641,에멘탈,앙트르몽,에멘탈 치즈,구워먹어도 맛있어요 ,에멘탈 치즈 구워서,2020-10-15,15
642,에멘탈,앙트르몽,에멘탈 치즈,와인안주 ,맛있었어요 ! 여러가지 치즈랑 함께 먹었어요 !,2020-10-14,6
643,에멘탈,앙트르몽,에멘탈 치즈,감사합니당 ,맛잇게 잘먹었어여 ~,2020-10-14,12
644,에멘탈,앙트르몽,에멘탈 치즈,괜찮아요 ,앙트르몽 괜찮네오!!!,2020-10-13,7
645,에멘탈,앙트르몽,에멘탈 치즈,에멘탈치즈 ,얇게 썰어서 햄버거나 샐러드에 뿌려먹으면 짱맛,2020-10-13,8
646,에멘탈,앙트르몽,에멘탈 치즈,에멘탈 치즈 ,치즈 기본적인 꼼꼼한 맛과 짭쪼름하니 맛있습니다,2020-10-13,22
647,에멘탈,앙트르몽,에멘탈 치즈,치즈 ,앙트르몽 에멘탈 치즈,2020-10-13,7
648,에멘탈,앙트르몽,에멘탈 치즈,그냥그래요 ,좀 고무고무같아요 ㅠㅠ,2020-10-13,9
649,에멘탈,앙트르몽,에멘탈 치즈,추천 ,좀 작지만 맛있어요 잘라 먹거나 갈아서 사용하면 됩니다,2020-10-13,11
650,에멘탈,앙트르몽,에멘탈 치즈,에멘탈 치즈 ,얇고 작고 귀여워요,2020-10-12,5
651,에멘탈,앙트르몽,에멘탈 치즈,에멘탈 치즈 ,좋아요~~ 조금 작긴 해요,2020-10-12,5
652,에멘탈,앙트르몽,에멘탈 치즈,2번째 구입 ,치즈만 먹어도 맛있고,2020-10-12,16
653,에멘탈,앙트르몽,에멘탈 치즈,에멘탈치즈 ,가격도 저렴한데 맛있어용! 재구매해요,2020-10-11,16
654,에멘탈,앙트르몽,에멘탈 치즈,에멘탈 치즈 ,에멘탈 치즈 좋아하는데 이건 담백하고 맛있어요,2020-10-11,22
655,에멘탈,앙트르몽,에멘탈 치즈,아직 ,맛있었음 좋겠습니당,2020-10-11,17
656,에멘탈,앙트르몽,에멘탈 치즈,에멘탈치즈 ,아이가 좋아해서 재구매합니다 냄새도 없고 고소하니 맛있어요,2020-10-11,4
657,에멘탈,앙트르몽,에멘탈 치즈,맛나요 ,뭐 항상그대루 맛 있죠,2020-10-11,4
658,에멘탈,앙트르몽,에멘탈 치즈,최애 치즈 ,저희집 아이의 최애 치즈에요~,2020-10-10,16
659,에멘탈,앙트르몽,에멘탈 치즈,ㅋ ,약간 맛없어 더 진한거,2020-10-10,7
660,에멘탈,앙트르몽,에멘탈 치즈,맛있어요 ,꼬린내 너무 좋고 모짜렐라만 넣는 것보다 풍미가 훨씬 사네요,2020-10-10,13
661,에멘탈,앙트르몽,에멘탈 치즈,재구매 ,치즈의 깊은맛이 있고 짜지 않아요,2020-10-09,13
662,에멘탈,앙트르몽,에멘탈 치즈,귀엽네요 ,샌드위치 해먹으려고 샀는데 두세개정도 만들수 있을것 같아요. 슬라이스형이 아니라 좀 쓰기에 불편하지만 그래도 귀엽네요,2020-10-09,6
663,에멘탈,앙트르몽,에멘탈 치즈,와인이랑 ,먹으면 맛있어요 ㅎㅎ,2020-10-09,7
664,에멘탈,앙트르몽,에멘탈 치즈,치즈 ,샌드위치에 넣어 먹었어요 맛있어요,2020-10-09,12
665,에멘탈,앙트르몽,에멘탈 치즈,기대되네요 ,아직 맛보기전이지만 기대되네요,2020-10-09,9
666,에멘탈,앙트르몽,에멘탈 치즈,에멘탈 ,맛이 연한 편이에요,2020-10-08,4
667,에멘탈,앙트르몽,에멘탈 치즈,마트에선 구하기 어려운데 ,먹고 싶어서 찾아보니 컬리에 있네요,2020-10-07,19
668,에멘탈,앙트르몽,에멘탈 치즈,잘먹고 있어요 ,에멘탈 치즈 좋아해서 종종 구입하고 있어요,2020-10-07,14
669,에멘탈,앙트르몽,에멘탈 치즈,가성비 굿 연속 재구매 ,연속재구매 중. 샌드위치 속의 엔젤,2020-10-07,20
670,에멘탈,앙트르몽,에멘탈 치즈,괜찮아요 ,생각했던 맛은 아니지만 맛있게 먹었어요,2020-10-07,5
671,에멘탈,앙트르몽,에멘탈 치즈,맛있어요 ,신선하고 맛도 좋아요,2020-10-07,12
672,에멘탈,앙트르몽,에멘탈 치즈,괜찮아요 ,딱 샌드위치 생각나는 맛이예요. 샌드위치 만들때 넣으면 아주 맛날듯,2020-10-06,13
673,에멘탈,앙트르몽,에멘탈 치즈,에멘탈 ,최애치즈입니다 강추,2020-10-06,15
674,에멘탈,앙트르몽,에멘탈 치즈,피자에 넣어 먹었어용 ,풍미가 엄청 훅 올라오는 건 없지만,2020-10-05,6
675,에멘탈,앙트르몽,에멘탈 치즈,맛있어요 ,에멘탈치즈 좋아요 사이즈도 딱좋아요~,2020-10-05,6
676,에멘탈,앙트르몽,에멘탈 치즈,맛있어요 ,맛있어요 샌드위치에 먹기 즇아요,2020-10-04,20
677,에멘탈,앙트르몽,에멘탈 치즈,샐러드 샌드위치용 ,"풍미가 아주 진하진 않지만, 빵이나 또띠아에 살짝 열을 가해서 녹여 먹으니 맛있어요!",2020-10-03,11
678,에멘탈,앙트르몽,에멘탈 치즈,와인안주 ,꼬릿한 특유의 향이 좋아요,2020-10-03,25
679,에멘탈,앙트르몽,에멘탈 치즈,샌드위치에 ,양상추칼로 얇게 썰었어요 치즈나이프보다 더 쉽네욤,2020-10-02,14
680,에멘탈,앙트르몽,에멘탈 치즈,굿 ,치즈 좋아하는 딸이 잘 먹네요~맛있대요,2020-10-02,1
681,에멘탈,앙트르몽,에멘탈 치즈,좋아요 ,값이 저렴해서 부담없이 요리에 사용하기 좋아요,2020-10-02,1
682,에멘탈,앙트르몽,에멘탈 치즈,샐러드에 넣어먹었어요 ,꼬리꼬리 완전 제 취향은 아니에요,2020-10-01,12
683,에멘탈,앙트르몽,에멘탈 치즈,보들보들 짜지않고 맛있어요 ,아이들도 잘 먹는 에멘탈!,2020-09-30,18
684,에멘탈,앙트르몽,에멘탈 치즈,맛있어요 ,아침에 빵과 함께 먹기에 좋습니다,2020-09-30,9
685,에멘탈,앙트르몽,에멘탈 치즈,생각보다 오래보관되고 맛보통 ,스파게티에 넣어먹으니 풍부한맛,2020-09-29,14
686,에멘탈,앙트르몽,에멘탈 치즈,에멘탈 ,맛있어서 자주 구매하는 치즈,2020-09-29,10
687,에멘탈,앙트르몽,에멘탈 치즈,평범해요 ,사이즈가 작아요 맛도 보통~,2020-09-29,4
688,에멘탈,앙트르몽,에멘탈 치즈,페이보릿!! ,엠멘탈 치즈 간식으로 먹는거 너무 좋아하고 토스트 해먹을때도 조각 조각 넣는데 JMT!,2020-09-27,4
689,에멘탈,앙트르몽,에멘탈 치즈,슬라이스가 아니네요 ,그 부분은 아쉽지만 맛있어요,2020-09-27,21
690,에멘탈,앙트르몽,에멘탈 치즈,맛있어요. ,에멘탈 치즈 맛있네요.,2020-09-26,22
691,에멘탈,앙트르몽,에멘탈 치즈,맛있어요 ,슬라이스해서 치아바타같은 빵위에 올려먹음 굿굿!ㅋㅋ,2020-09-26,3
692,에멘탈,앙트르몽,에멘탈 치즈,맛잇어요 ,향이 아주 강하지는 않아요,2020-09-26,14
693,에멘탈,앙트르몽,에멘탈 치즈,음. ,차가울때 먹으면 맹맛. 실온에 놔두면 먹을만,2020-09-25,10
694,에멘탈,앙트르몽,에멘탈 치즈,귀여운 모양 ,동그랗게 파인게 넘 귀여워요,2020-09-25,20
695,에멘탈,앙트르몽,에멘탈 치즈,두번째 ,두번째구매입니다. 적당히 먹기 좋은 맛이예요. 여행가서 먹을 예정입니다,2020-09-24,5
696,에멘탈,앙트르몽,에멘탈 치즈,맛있어여 ,짜지 않고 어디에 다 어울려요,2020-09-24,9
697,에멘탈,앙트르몽,에멘탈 치즈,좋은 치즈같지만 전 감당못할 맛이예요 ,치즈 상태는 좋아요,2020-09-24,23
698,에멘탈,앙트르몽,에멘탈 치즈,최애치즈 ,에멘탈 넘좋아해서 종종.시켜먹어요~,2020-09-24,13
699,에멘탈,앙트르몽,에멘탈 치즈,맛있어요 ,짜지도 않고 고소하네요,2020-09-24,12
700,고르곤졸라,안젤로,고르곤졸라 피칸테,굿 ,마요에 섞어서 채소딥으로 먹기 딱,2020-10-29,0
701,고르곤졸라,안젤로,고르곤졸라 피칸테,강추 ,재구입입니다,2020-10-29,2
702,고르곤졸라,안젤로,고르곤졸라 피칸테,빵과 함께 ,빵에 발라서 먹어도 맛있어요~,2020-10-28,2
703,고르곤졸라,안젤로,고르곤졸라 피칸테,고르곤졸라 ,굿 좋아요 요리하려고 간만에 샀어요,2020-10-28,2
704,고르곤졸라,안젤로,고르곤졸라 피칸테,우~~~와~~ ,진짜 빠른배송이네요~~~그래도 기사님 안전이 우선입니다,2020-10-28,2
705,고르곤졸라,안젤로,고르곤졸라 피칸테,쿰쿰한 ,향과 짭조름한 맛이 매력이에요. 고르곤졸라 피자 만들어먹으려고 샀어요. 약간씩만 사용하니 소분 냉동해놓고 오래 먹어요,2020-10-27,5
706,고르곤졸라,안젤로,고르곤졸라 피칸테,치즈양 적다 생각했는데.. ,집에서 고르곤졸라 피자 만들다가 보니까 ...많이 넣으면 엄청 짜지드만요.. 그래서 꿀찍어먹나싶은... 진짜 쬐금씩 떼어서 뿌려야해요. 개봉하면 냄새가 구린데.. 그 구린향이 제타입이에요.. ㅋㅋㅋ,2020-10-26,6
707,고르곤졸라,안젤로,고르곤졸라 피칸테,못먹겠어요...이렇게 먹기힘든 건줄몰랐네요 ,피자 위에 올라간 고르곤졸라는 사과향이나고 정말 향긋하고 부드러웠는데...이건 절대 그런맛이 안나네요. ,2020-10-25,3
708,고르곤졸라,안젤로,고르곤졸라 피칸테,재구매 ,고르곤졸라피자 만들어 먹을때 넘 좋아요,2020-10-23,4
709,고르곤졸라,안젤로,고르곤졸라 피칸테,콤콤 ,콤콩하기가 적당하니 괜찮습니다,2020-10-22,6
710,고르곤졸라,안젤로,고르곤졸라 피칸테,좋아요 ,진작 살걸 컬리에서 판매하는 줄 몰랐어요,2020-10-21,5
711,고르곤졸라,안젤로,고르곤졸라 피칸테,또띠아 피자 ,요거랑 마늘이랑 꿀만있음 또띠아피자 완성!,2020-10-21,2
712,고르곤졸라,안젤로,고르곤졸라 피칸테,샐러드에 ,"넣어먹는 용도로 좋아요, 꿀에찍어 와인 안주로 먹어도 맛있어요",2020-10-21,9
713,고르곤졸라,안젤로,고르곤졸라 피칸테,늘 ,주문하는 고르곤졸라 피칸테,2020-10-21,2
714,고르곤졸라,안젤로,고르곤졸라 피칸테,잘 받았습니다. ,양이 적당해서 좋아요.,2020-10-20,1
715,고르곤졸라,안젤로,고르곤졸라 피칸테,고르곤졸라 피자 ,에어프라이기에 고르곤졸라 피자 만들었습니다. 진하고 맛나요,2020-10-20,3
716,고르곤졸라,안젤로,고르곤졸라 피칸테,샐러드 ,"루꼴라, 샤인머스켓, 드라이드 크랜베리, 견과류와 함께",2020-10-19,4
717,고르곤졸라,안젤로,고르곤졸라 피칸테,맛있어요 ,피자해먹었어요~~향도좋고 맛있네요..,2020-10-19,4
718,고르곤졸라,안젤로,고르곤졸라 피칸테,향이 ,매우 강하네요 피자 구워먹을때 토핑으로 얹어 구우면 더 맛있어요,2020-10-18,4
719,고르곤졸라,안젤로,고르곤졸라 피칸테,고르곤졸라 ,스콘 만들려고 샀는데 맛있어요,2020-10-18,5
720,고르곤졸라,안젤로,고르곤졸라 피칸테,좋아요 ,저렴한 가격에 잘 산 것 같아요.,2020-10-15,1
721,고르곤졸라,안젤로,고르곤졸라 피칸테,음~~ ,냄새와 맛이 정반대ㅋ,2020-10-15,2
722,고르곤졸라,안젤로,고르곤졸라 피칸테,좋아요. ,샐러드 만들때 자주 사용해요,2020-10-15,2
723,고르곤졸라,안젤로,고르곤졸라 피칸테,좋아요 ,샐러드 해 먹으려고 샀어요,2020-10-14,2
724,고르곤졸라,안젤로,고르곤졸라 피칸테,꼬릿꼬릿 ,좋아합니다~~~최애 술안주,2020-10-14,3
725,고르곤졸라,안젤로,고르곤졸라 피칸테,고르곤 졸라 ,고르곤 졸라 피자 해 먹으려고 구입 했는데.. 아직.. 먹어보진 못했네요~^^,2020-10-13,7
726,고르곤졸라,안젤로,고르곤졸라 피칸테,사과조림 피자 ,백종원 사과조림 만들어서 고르곤졸라피자 만들어 먹었어요~~너무너무 맛있네요~~,2020-10-12,8
727,고르곤졸라,안젤로,고르곤졸라 피칸테,샐러드용 ,그린샐러드에 호두강정과 무화과 오렌지 리코타에 고르곤졸라까지 넣어서 냠냠.,2020-10-11,7
728,고르곤졸라,안젤로,고르곤졸라 피칸테,꿀과 함께라면 ,"피곤한 주말오후 나만의 여유를 느끼고 싶을때, 고르곤졸라 치즈를 향긋한 꿀에 살짝찍어 화이트와인 한모금 하세요. 너무 맛나고 행복해요.",2020-10-10,7
729,고르곤졸라,안젤로,고르곤졸라 피칸테,맛있어요 ,와인 안주로도 피자 만들때 좋아요,2020-10-10,2
730,고르곤졸라,안젤로,고르곤졸라 피칸테,자주 구입 ,자주 구입해요. 가격이 착한만큼 맛도 순해요.,2020-10-10,7
731,고르곤졸라,안젤로,고르곤졸라 피칸테,항상 사는 보편적인 고르곤졸라 ,향도 은은하게 잘 나고 좋은 것 같아요 항상 구매하는 제품이에요,2020-10-09,6
732,고르곤졸라,안젤로,고르곤졸라 피칸테,처음 구매 ,고르곤졸라피자 도전해보려고 구매했어요,2020-10-09,3
733,고르곤졸라,안젤로,고르곤졸라 피칸테,맛있어요! ,꿀이랑 조합이 잘 맞아요!,2020-10-09,1
734,고르곤졸라,안젤로,고르곤졸라 피칸테,고르곤졸라 ,파스타나 피자에 풍미업~,2020-10-08,2
735,고르곤졸라,안젤로,고르곤졸라 피칸테,굿 ,베이킹용 요리용 좋아요ㅔㅗ,2020-10-07,1
736,고르곤졸라,안젤로,고르곤졸라 피칸테,다른 곳보다 저렴해요 ,마트보다 싸네요 피자 만들어 먹기 좋아요,2020-10-07,6
737,고르곤졸라,안젤로,고르곤졸라 피칸테,피자 ,피자에 얼려 먹으려고 주문,2020-10-07,2
738,고르곤졸라,안젤로,고르곤졸라 피칸테,좋아요 :) ,고르곤졸라피자 해먹으려고 샀어요,2020-10-07,5
739,고르곤졸라,안젤로,고르곤졸라 피칸테,고르곤졸라피자 ,피자 해먹는데 사용햇어요!ㅋ,2020-10-07,2
740,고르곤졸라,안젤로,고르곤졸라 피칸테,고르곤졸라 피자 ,또띠아 위에 고르곤졸라 피자용으로 구입했는데 괜찮네요,2020-10-06,3
741,고르곤졸라,안젤로,고르곤졸라 피칸테,고르곤졸라 피자용 ,집에서 잘 해먹었네요,2020-10-06,7
742,고르곤졸라,안젤로,고르곤졸라 피칸테,고르곤졸라 피칸테 ,하몽에 곁들이면 맛있어요~~^^,2020-10-06,3
743,고르곤졸라,안젤로,고르곤졸라 피칸테,맛있어요 ,생각외로 크네요. 향이 진한데 맛있어요,2020-10-06,4
744,고르곤졸라,안젤로,고르곤졸라 피칸테,11월5일까지 ,유통기한이잛지만 세일이라 좋아요.,2020-10-06,4
745,고르곤졸라,안젤로,고르곤졸라 피칸테,좀 ,뻑뻑한 질감이지만 진한맛으로 만족,2020-10-05,8
746,고르곤졸라,안젤로,고르곤졸라 피칸테,고르곤졸라 ,고르곤졸라 피자 해먹으려고 주문합니다,2020-10-05,8
747,고르곤졸라,안젤로,고르곤졸라 피칸테,고르곤졸라 ,이걸로 피자도 해먹고 파이도 구우려구여,2020-10-02,11
748,고르곤졸라,안젤로,고르곤졸라 피칸테,고르곤졸라 피자 ,꿉꿉한 냄새~ 중독되는 매력적인 맛 이에요,2020-10-01,4
749,고르곤졸라,안젤로,고르곤졸라 피칸테,좋아요 ,고르곤졸라 피자 만들었어요 맛있어요,2020-09-30,9
750,고르곤졸라,안젤로,고르곤졸라 피칸테,또 구매했어요 ,꼬리한 치즈가 술안주로 먹기 좋아서 구매했어요,2020-09-29,17
751,고르곤졸라,안젤로,고르곤졸라 피칸테,맛잇어요 ,유통기한 짧아서 잘 보관해야함,2020-09-27,10
752,고르곤졸라,안젤로,고르곤졸라 피칸테,또띠아피자 ,집에서 또띠아피자해먹으려고샀어요,2020-09-27,5
753,고르곤졸라,안젤로,고르곤졸라 피칸테,고르곤졸라 ,고르곤졸라 피자 해먹으려고 구매했어요~,2020-09-27,12
754,고르곤졸라,안젤로,고르곤졸라 피칸테,고소한 풍미~~ ,고소해서 자주 사먹는데 쫌만 가격이 더 착했으면 ..ㅎ,2020-09-26,7
755,고르곤졸라,안젤로,고르곤졸라 피칸테,넘 ,숙성이 많ㅇ되어,2020-09-25,13
756,고르곤졸라,안젤로,고르곤졸라 피칸테,만족 ,피칸테 만족합니다 ~,2020-09-25,5
757,고르곤졸라,안젤로,고르곤졸라 피칸테,고르곤졸라 ,고르곤졸라 크림파스타 꿀맛,2020-09-25,8
758,고르곤졸라,안젤로,고르곤졸라 피칸테,퐁듀 만들어 먹었는데.. ,너무 맛있었어요~ 고르곤졸라 향이 일품입니닷,2020-09-25,7
759,고르곤졸라,안젤로,고르곤졸라 피칸테,주말 하우스 피자의 화룡정점을 담당하는 고르곤졸라 ,주말 하우스 피자의 화룡정점을 담당하는 고르곤졸라,2020-09-24,6
760,고르곤졸라,안젤로,고르곤졸라 피칸테,진하네요 ,샘킴쉐프가 고르곤졸라치즈와 파마산 치즈 조합 극찬하길래 도전해본 식재룐데 난이도 높은 치즈인가봐요..냉동에 넣어뒀는데 나중에 또띠아 사다가 꿀발라 먹어야할 듯 해요 ㅋㅋ,2020-09-24,11
761,고르곤졸라,안젤로,고르곤졸라 피칸테,집에서 또띠야 피자용으로 ,고르곤졸라 또띠야 피자 만들기 위해,2020-09-23,4
762,고르곤졸라,안젤로,고르곤졸라 피칸테,괜찮은듯 ,피자만들어 먹는다고샀어요,2020-09-23,5
763,고르곤졸라,안젤로,고르곤졸라 피칸테,치즈 ,치즈를 손쉽게 구할 수 있어 너무 편하고 좋아요 다 먹으면 재구매하겠습니다,2020-09-22,4
764,고르곤졸라,안젤로,고르곤졸라 피칸테,고르곤졸라 피자 ,또띠아애 고르곤졸라 피자 해먹으려고 샀어요,2020-09-21,5
765,고르곤졸라,안젤로,고르곤졸라 피칸테,꼬릿꼬릿 ,고르곤졸라피자에 딱이예요,2020-09-21,7
766,고르곤졸라,안젤로,고르곤졸라 피칸테,치즈향이 강해요 ,생각보다 향이 강해서 놀랐어요,2020-09-21,7
767,고르곤졸라,안젤로,고르곤졸라 피칸테,감자전과도 잘 어울려요 ,제 기준에는 향이 강하지는 않아요 너무 맛있어용,2020-09-20,7
768,고르곤졸라,안젤로,고르곤졸라 피칸테,과일 위에 얻을 치즈 만들어요 ,생크림에 고르곤졸라랑 고다치즈 끓이면서 녹이고 후추 넉넉하게 뿌려서 냉장실에 굳히면 딱딱한 과일에 곁들여 먹기 정말 좋아요. 손님 왔을 때 그냥 과일 내놓기 보다는 치즈도 같이 얹어서 주면 좀 더 신경쓰는 것 같아서 잘 사용하고 있는 레시피에요,2020-09-19,6
769,고르곤졸라,안젤로,고르곤졸라 피칸테,음 ,다른브랜드거보다 좀더 강한맛입니당,2020-09-17,13
770,고르곤졸라,안젤로,고르곤졸라 피칸테,맛있어요 ,퐁듀에 살짝넣어서 꿀이랑 같이 먹었는데 맛있네요^^,2020-09-17,13
771,고르곤졸라,안젤로,고르곤졸라 피칸테,맛있어요 ,고르곤졸라 피자 만들어 먹으니 참 맛있네요,2020-09-16,13
772,고르곤졸라,안젤로,고르곤졸라 피칸테,굿 ,늘사는제품. 맛있어요.,2020-09-16,9
773,고르곤졸라,안젤로,고르곤졸라 피칸테,맛있움 ,맛이 진해서 조아여,2020-09-16,10
774,고르곤졸라,안젤로,고르곤졸라 피칸테,너무 잘써요 ,남편이 엄천 좋아해요 ,2020-09-15,14
775,고르곤졸라,안젤로,고르곤졸라 피칸테,고르곤졸라 ,피자만들때 얹어보려고 구매했어요,2020-09-15,11
776,고르곤졸라,안젤로,고르곤졸라 피칸테,맛나요 ,고르곤졸라 파스타 해먹었어요 ,2020-09-15,11
777,고르곤졸라,안젤로,고르곤졸라 피칸테,재구매했어요 ,너무 맛있어서 재구매했습니더 ㅎㅎㅎ,2020-09-14,9
778,고르곤졸라,안젤로,고르곤졸라 피칸테,맛있어요 ,치즈 너무 좋아하는데 맛있어요! 크래커랑 청포도랑 먹으니 더 꿀맛,2020-09-14,5
779,고르곤졸라,안젤로,고르곤졸라 피칸테,피자위에 토핑 굿 ,고르곤졸라 피자 만들어 먹으니 맛있어요~~,2020-09-14,7
780,고르곤졸라,안젤로,고르곤졸라 피칸테,굿 ,크림파스타 할때 먹으려구 삿어요,2020-09-14,11
781,고르곤졸라,안젤로,고르곤졸라 피칸테,좋아요 ,"생각보다 양이 많아 놀랐지만, 고르곤졸라 피자 만들얺더니 너무 매력적이네요 ^^",2020-09-13,5
782,고르곤졸라,안젤로,고르곤졸라 피칸테,파스타 해먹으려구 ,고르곤졸라가 돌체와 피깐떼 두종류가 있는데 피깐떼가 좀더 숙성된거래요~,2020-09-12,11
783,고르곤졸라,안젤로,고르곤졸라 피칸테,찐 고르곤치즈 ,또띠아에 올려서 에프에 돌리면 고르곤졸라 저리가라,2020-09-12,7
784,고르곤졸라,안젤로,고르곤졸라 피칸테,믿고구매 ,마켓컬리 제품이라 믿고 구매합니다,2020-09-12,9
785,고르곤졸라,안젤로,고르곤졸라 피칸테,"고르곤졸라., ",평소에 고르곤졸라..피자 좋아하는데..이번에 집에서 한번 만들어보려고 주문했습니다,2020-09-12,3
786,고르곤졸라,안젤로,고르곤졸라 피칸테,곰팡이 괜찮은건지 ,이런 미세한 곰팡이가 퍼져 있는데 괜찮은건가요?,2020-09-10,22
787,고르곤졸라,안젤로,고르곤졸라 피칸테,스파게티 ,넣으려구 샀어요 꾸덕한크림스파게티 좋아하거든욤,2020-09-10,15
788,고르곤졸라,안젤로,고르곤졸라 피칸테,맛있어요 ,크래커랑 먹으니까 맛있네요.,2020-09-10,19
789,고르곤졸라,안젤로,고르곤졸라 피칸테,고르곤졸라 ,피자 만드려고 샀어요,2020-09-08,14
790,고르곤졸라,안젤로,고르곤졸라 피칸테,안젤로 고르곤졸라 ,참 맛있습니다 피자했죠,2020-09-07,12
791,고르곤졸라,안젤로,고르곤졸라 피칸테,맛있어요 ,스테이크에 고르곤졸라 치즈와 금귤쨈 올려먹으니 너무 맛있어요. 물론 간단한 또르띠아 치즈 피자에 꿀과 올려 먹어도 맛있고요.,2020-09-07,14
792,고르곤졸라,안젤로,고르곤졸라 피칸테,좋아요 ,소분해서 보관했어요,2020-09-07,7
793,고르곤졸라,안젤로,고르곤졸라 피칸테,크림파스타 맛있어요 ,진하고 맛있어요. 만족해요,2020-09-06,17
794,고르곤졸라,안젤로,고르곤졸라 피칸테,굳 ,모노치즈 허니고르곤졸라 샌드위치가 넘 먹고싶어서 구입했는데 맛있어요 딱 그맛이에요,2020-09-04,15
795,고르곤졸라,안젤로,고르곤졸라 피칸테,고르곤졸라 ,고르곤졸라 피자해먹을예정,2020-09-04,21
796,고르곤졸라,안젤로,고르곤졸라 피칸테,맛있음 ,파스타에 넣어먹으려고 샀는데 크림소스랑 섞었더니 그건 생각보다 별로임.. 그냥 과일에 얹어 먹으면 훨씬 맛있을듯!,2020-09-04,19
797,고르곤졸라,안젤로,고르곤졸라 피칸테,두번째 구입 ,고르곤졸라 잘 먹었습니다,2020-09-04,10
798,고르곤졸라,안젤로,고르곤졸라 피칸테,좋아요 ,꼬리한 냄새가 제법 나네요,2020-09-03,5
799,고르곤졸라,안젤로,고르곤졸라 피칸테,또띠아 피자 ,초간단 피자용으로 샀어요,2020-09-03,9
800,고다,빔스터,110년 전통 고다치즈 3종,맛있어요 ,드라이하고 쫀득하면서 깊은맛이 납니다,2020-10-28,6
801,고다,빔스터,110년 전통 고다치즈 3종,신랑 와인안주로~~ ,치즈의 풍미가 진해 와인이랑 딱 어울려요~,2020-10-28,2
802,고다,빔스터,110년 전통 고다치즈 3종,항상 구매해요. ,처음엔 와인 안주로만 먹었는데.,2020-10-27,6
803,고다,빔스터,110년 전통 고다치즈 3종,무난 ,와인 안주로 종종먹어요.,2020-10-27,1
804,고다,빔스터,110년 전통 고다치즈 3종,로얄 고다치즈 ,고다치즈 넘 조하아하는데,2020-10-27,5
805,고다,빔스터,110년 전통 고다치즈 3종,쪼매 ,맛있다길래 넘작네ㅎ,2020-10-27,4
806,고다,빔스터,110년 전통 고다치즈 3종,빔스터 ,맛있어요,2020-10-25,0
807,고다,빔스터,110년 전통 고다치즈 3종,재구매해요 ,심심할때 먹으면 맛있어요 짭짤하고 고소해요,2020-10-25,6
808,고다,빔스터,110년 전통 고다치즈 3종,고다치즈 무난하니 괜찮네요 ,치즈를 잘 먹는 편은 아닌데 첨 도전해봤어요. ,2020-10-25,6
809,고다,빔스터,110년 전통 고다치즈 3종,좋아요 ,처음엔 좀 밋밋한줄 알았는데 깊은 맛도 있고 좋습니다 오늘 재미구했어요,2020-10-24,1
810,고다,빔스터,110년 전통 고다치즈 3종,맛있어요 ,외인안주로 간식으로 좋아요,2020-10-21,2
811,고다,빔스터,110년 전통 고다치즈 3종,와인안주 ,"아직 먹기전인데,포장이 잘되어 있어서 좋아요",2020-10-21,3
812,고다,빔스터,110년 전통 고다치즈 3종,고소~~~합니다 ,와인안주로 딱 좋고 고소해용,2020-10-21,10
813,고다,빔스터,110년 전통 고다치즈 3종,와인 ,안주로 두번에 나눠서 먹었어요,2020-10-20,0
814,고다,빔스터,110년 전통 고다치즈 3종,탁월하네요~~ ,안주로 짜지 않고 너무 맛있네요,2020-10-20,3
815,고다,빔스터,110년 전통 고다치즈 3종,고소해요 ,깊고 고소한맛이에용,2020-10-20,7
816,고다,빔스터,110년 전통 고다치즈 3종,늘 먹는 치즈 ,제일 좋아하는 치즈예요,2020-10-20,2
817,고다,빔스터,110년 전통 고다치즈 3종,고다치즈 ,고소하고 향이 ,2020-10-19,2
818,고다,빔스터,110년 전통 고다치즈 3종,자꾸만 ,좀 짜지만 멈출 수 없는 너무 맛있는 치즈에요,2020-10-19,6
819,고다,빔스터,110년 전통 고다치즈 3종,부드러운 ,치즈. 전 좀더 짠한 고다치즈를 생각했는데 더 부드러운 맛과 삭감이에요. 로얄~ 어울리는 이름,2020-10-17,2
820,고다,빔스터,110년 전통 고다치즈 3종,맛있어요 ,맛있어요 꿉꿉한 맛이 있네요,2020-10-17,5
821,고다,빔스터,110년 전통 고다치즈 3종,와인에 먹기 좋아요 ,간단히 와인먹을때 안주로 좋아요.,2020-10-15,5
822,고다,빔스터,110년 전통 고다치즈 3종,세번 연속 구매 ,치즈 시키려고 마켓컬리 씁니다 ㅎㅎ호,2020-10-14,8
823,고다,빔스터,110년 전통 고다치즈 3종,상품평 ,보고 와인에 먹어보려고 구매,2020-10-11,4
824,고다,빔스터,110년 전통 고다치즈 3종,재구매 ,맛있어서 이틀만에 먹어버리는 바람에 또 구매 ^^,2020-10-11,12
825,고다,빔스터,110년 전통 고다치즈 3종,오!!! 맛나요 ,"늘 숙성체다만 먹다가 사봤는데 좋아요! 와인안주로 그냥 먹어도, 샐러드에 넣어도 굿~",2020-10-11,14
826,고다,빔스터,110년 전통 고다치즈 3종,원래사먹어요 ,고소하니 풍미가있어요,2020-10-10,2
827,고다,빔스터,110년 전통 고다치즈 3종,고다 ,고다 너무 좋아해요,2020-10-06,12
828,고다,빔스터,110년 전통 고다치즈 3종,맛있어요 ,정말 맛있습니다. 추천합니다,2020-10-06,5
829,고다,빔스터,110년 전통 고다치즈 3종,진하고 맛있어요 ,치즈 플레이트로 구성해서 먹으면 좋아요.,2020-10-02,7
830,고다,빔스터,110년 전통 고다치즈 3종,에이지드가 좋아요 ,맛있네요. 꿀하고 어울려요,2020-10-01,8
831,고다,빔스터,110년 전통 고다치즈 3종,재구매 ,맛있어서또재주문했어요,2020-09-29,14
832,고다,빔스터,110년 전통 고다치즈 3종,재구매 ,한번 시험삼아 사봣는데 맛있더라구여,2020-09-29,11
833,고다,빔스터,110년 전통 고다치즈 3종,맛남 ,그냥 잘라먹어도 맛나요,2020-09-28,5
834,고다,빔스터,110년 전통 고다치즈 3종,맛있어요 ,지인들과 와인에 먹었는데,2020-09-23,5
835,고다,빔스터,110년 전통 고다치즈 3종,넘 맛있어요 ,재구매 행진. 맛있어요.,2020-09-22,19
836,고다,빔스터,110년 전통 고다치즈 3종,기본으로 사봤어요 ,저번에 에이지드 맛있게 먹어서 이번에 그냥 고다 사봤습니다. 이것 또한 맛있는데 요리에 넣어 먹을 때는 감칠맛이 확실히 덜 하네요. 샌드위치나 안주로 먹는 용으로 좋은 것 같아요.,2020-09-22,7
837,고다,빔스터,110년 전통 고다치즈 3종,먹기전 ,후기가 좋아서 사보았음,2020-09-20,17
838,고다,빔스터,110년 전통 고다치즈 3종,제철과일이랑 곁들여 먹어요 ,생크림에 고르곤졸라랑 고다치즈 끓이면서 녹이고 후추 넉넉하게 뿌려서 냉장실에 굳히면 딱딱한 과일에 곁들여 먹기 정말 좋아요. 손님 왔을 때 그냥 과일 내놓기 보다는 치즈도 같이 얹어서 주면 좀 더 신경쓰는 것 같아서 잘 사용하고 있는 레시피에요,2020-09-19,21
839,고다,빔스터,110년 전통 고다치즈 3종,ㅇㅇ ,좋아요... 만족했어요................,2020-09-18,17
840,고다,빔스터,110년 전통 고다치즈 3종,진해요 ,진짜 찐해요 추천합니다,2020-09-16,5
841,고다,빔스터,110년 전통 고다치즈 3종,치즈 맛이 풍부해요 ,치즈향이 풍부하고 깊어서 파스타에 뿌려먹으면 너무 좋을 것 같아요,2020-09-14,9
842,고다,빔스터,110년 전통 고다치즈 3종,치즈 ,고다치즈 너무 좋아해요 맛있어요,2020-09-13,22
843,고다,빔스터,110년 전통 고다치즈 3종,치즈 ,치즈가 담백해요~,2020-09-12,5
844,고다,빔스터,110년 전통 고다치즈 3종,짱 ,맛있어요.멈추기 힘듬ㅠ,2020-09-10,9
845,고다,빔스터,110년 전통 고다치즈 3종,맛있어요 ,숙성의 맛이 느껴지고 진한 맛이에요 와인과도 잘 어울리고 크래커와도 잘 어울립니다 식감도 좋아요,2020-09-09,6
846,고다,빔스터,110년 전통 고다치즈 3종,맛있네요 ,"서울** 슬라이스 고다치즈만 먹다가,",2020-09-08,6
847,고다,빔스터,110년 전통 고다치즈 3종,메론하몽위에 뿌려줘요 ,메론하몽 만들고 위에 뿌려줄 때 사용,2020-09-07,20
848,고다,빔스터,110년 전통 고다치즈 3종,먼가이물질이... ,이물질 같은게 들어있네요. 후 잘좀 보고 보내주세요.,2020-09-07,22
849,고다,빔스터,110년 전통 고다치즈 3종,크기적당 ,크기적당하거 좋아요. 에이지드 말고 기본으로 주문했어요,2020-09-07,14
850,고다,빔스터,110년 전통 고다치즈 3종,괜찮네요 ,꽤 먹을만 해요 !,2020-09-06,2
851,고다,빔스터,110년 전통 고다치즈 3종,에이지드랑 일반 둘다 먹어봤어요 ,지난 번에 에이지드 시켰는데 약간 씁쓸한..? 치즈 향이 강한 것 같아서 이번엔 일반으로 시켰어요,2020-09-05,22
852,고다,빔스터,110년 전통 고다치즈 3종,요긴 ,요리할때도 가끔 넣고..,2020-09-05,13
853,고다,빔스터,110년 전통 고다치즈 3종,고다치즈 ,최근에 주문한 고다 치즈 중 제일 맛있게 먹었어요. 진해요.,2020-09-05,1
854,고다,빔스터,110년 전통 고다치즈 3종,마시슴 ,치즈 플레이트 해먹음,2020-09-04,16
855,고다,빔스터,110년 전통 고다치즈 3종,재구매 ,고다치즈 너무 잘 먹었어서 이번에 또 샀어요,2020-09-03,4
856,고다,빔스터,110년 전통 고다치즈 3종,딸램 ,이 치즈 좋아해 사줬는데 맛있다네요,2020-09-03,10
857,고다,빔스터,110년 전통 고다치즈 3종,첫구매 ,와인안주하려고삿는데,2020-09-02,10
858,고다,빔스터,110년 전통 고다치즈 3종,와인과 ,먹으려고 구매햇어요,2020-09-02,14
859,고다,빔스터,110년 전통 고다치즈 3종,고다 ,고다치즈 기댜되네요 와인안주,2020-09-01,4
860,고다,빔스터,110년 전통 고다치즈 3종,짭쪼름하고 ,약간의 쿰쿰한 치즈풍미가 와인 안주로 좋아요,2020-09-01,9
861,고다,빔스터,110년 전통 고다치즈 3종,와인 안주 ,하려고 구매했어요 ~~,2020-09-01,3
862,고다,빔스터,110년 전통 고다치즈 3종,치즈를 좋아하지 않는 분들과 함께 먹으려고 ,그랑크뤼 구매하려다가 로얄고다로 주문했는데,2020-08-31,16
863,고다,빔스터,110년 전통 고다치즈 3종,고소하고 맛있어요 ,와인과 함께 먹으니 좋네요,2020-08-30,16
864,고다,빔스터,110년 전통 고다치즈 3종,쏘쏘 ,일단 그냥 먹어보고 샐러드랑 같이 와서 샐러드랑도 먹음.,2020-08-29,10
865,고다,빔스터,110년 전통 고다치즈 3종,계속 먹어서 ,살찔까 걱정되는 맛이에요 짭조름해서 와인 안주로 굿,2020-08-29,16
866,고다,빔스터,110년 전통 고다치즈 3종,자주 사요 ,한 번 사 본 이후 계속 먹게 되요 짭조름하니 맛있어요!,2020-08-29,14
867,고다,빔스터,110년 전통 고다치즈 3종,찐 고다맛 ,짭쪼름하고 깊은 맛 괜찮았어요 술안주로 먹었습니당,2020-08-29,5
868,고다,빔스터,110년 전통 고다치즈 3종,진짜 맛있어요 ,와우 진짜 맛있어요~ 재주문 의향 있어요!,2020-08-27,12
869,고다,빔스터,110년 전통 고다치즈 3종,맛있어요 ,와인 안주로 부담없이 먹기 좋아요 무난무난,2020-08-26,10
870,고다,빔스터,110년 전통 고다치즈 3종,아주 좋아요~ ,맛있습니다. 다양하게 쓸것같아요~,2020-08-25,14
871,고다,빔스터,110년 전통 고다치즈 3종,맛있어요 ,에이지드랑 비교했을때 확실히 풍미가 더 하고 ,2020-08-24,2
872,고다,빔스터,110년 전통 고다치즈 3종,맛있어요 ,매주 재구매 하게 되네요,2020-08-24,2
873,고다,빔스터,110년 전통 고다치즈 3종,짱이예요 ,맛있어요 와인이랑 잘 어울려요,2020-08-23,16
874,고다,빔스터,110년 전통 고다치즈 3종,재구매 ,쌉쌀해서 땡기네요~,2020-08-22,13
875,고다,빔스터,110년 전통 고다치즈 3종,굿 ,꽤 짭짤한데,2020-08-21,2
876,고다,빔스터,110년 전통 고다치즈 3종,진짜 ,이렇게 맛난 고다치즈! 오랜만이요,2020-08-21,12
877,고다,빔스터,110년 전통 고다치즈 3종,끊임없는 재구매! ,와인 마실때 빼놓을 수 없는 최고의 안주에요. 적당히 짭조름하면서 너무 맛있어요,2020-08-20,8
878,고다,빔스터,110년 전통 고다치즈 3종,치즈 ,체즈를 너무 좋아해서 구입했어요,2020-08-20,3
879,고다,빔스터,110년 전통 고다치즈 3종,무난하고 고소해요 ,가격도 저렴한 편이고 간편한 안주로 좋아요,2020-08-18,15
880,고다,빔스터,110년 전통 고다치즈 3종,치즈 초보에게는 안맞아요 ,맨입에도 맛있게 먹을 수 있는 취향에 맞는 치즈를 찾으려고 이것저것 주문해보는데 초보인 저는 이 치즈도 요리에 넣어 먹어야 겠습니다 ㅋㅋ 요거트 맛이 나기도 하고 견과류 맛도 나는데 향이 너무 치즈치즈 합니다 ㅠㅠ,2020-08-17,18
881,고다,빔스터,110년 전통 고다치즈 3종,와인이랑 ,먹으려구요! 크기 딱 좋아요,2020-08-14,11
882,고다,빔스터,110년 전통 고다치즈 3종,고다치즈 ,파스타에 먹고 브런치에 잘라먹고~,2020-08-14,4
883,고다,빔스터,110년 전통 고다치즈 3종,와인파티에 ,파티하면서 치즈3종 준비했어요,2020-08-13,11
884,고다,빔스터,110년 전통 고다치즈 3종,부드럽고 짜지 않은 치즈 ,많이 짜지 않고 되게 부드럽게 잘라지는 gouda cheese이에용,2020-08-12,7
885,고다,빔스터,110년 전통 고다치즈 3종,부드러워요 ,치즈부드럽고 맛있어요! 치즈만 먹어도 괜찮습니다,2020-08-10,3
886,고다,빔스터,110년 전통 고다치즈 3종,음 ,제 입맛엔 별로였지만 친구가 잘 먹어서 줬어요 ㅎㅎ,2020-08-09,5
887,고다,빔스터,110년 전통 고다치즈 3종,짜서 깜짝놀램 ,좀 많이 짜요 ㅋㅋ,2020-08-08,13
888,고다,빔스터,110년 전통 고다치즈 3종,먹어보겠습니다. ,도전! 먹어보려고 샀어요 치즈는 입문자라 중간부터 시작해요,2020-08-07,8
889,고다,빔스터,110년 전통 고다치즈 3종,와인에 좋아요 ,와인에 먹으려규 샀어요,2020-08-05,6
890,고다,빔스터,110년 전통 고다치즈 3종,좋아요 ,항상 배송도 빠르고 편리해요,2020-08-04,8
891,고다,빔스터,110년 전통 고다치즈 3종,굳 ,엄청 진해서 전 그냥 그랬어요,2020-08-03,5
892,고다,빔스터,110년 전통 고다치즈 3종,친구네서먹고 주문 ,친구네서 먹었는데 아이도 넘좋아해서 구매...,2020-08-02,2
893,고다,빔스터,110년 전통 고다치즈 3종,로얄 그랑크뤼 ,엄청 꼬릿꼬릿하고 짜고 소금 같은게 씹혀요,2020-08-02,4
894,고다,빔스터,110년 전통 고다치즈 3종,맛있어요 ,맛이 진하고 맛있어요,2020-07-30,0
895,고다,빔스터,110년 전통 고다치즈 3종,재구매 ,와인안주로 너무 좋군요~~,2020-07-30,9
896,고다,빔스터,110년 전통 고다치즈 3종,맛있어요 ,너무맛있늠데 저만 짠가요 다른고다티즈보다 훨씬짠거같아요 ㅜㅜㅜ 조금씩먹으면 다행,2020-07-29,1
897,고다,빔스터,110년 전통 고다치즈 3종,항상 ,고다는 옳죠!! 고다 맛나요,2020-07-29,1
898,고다,빔스터,110년 전통 고다치즈 3종,맛있어요 ,고다치즈 어디나 어울려요,2020-07-28,9
899,고다,빔스터,110년 전통 고다치즈 3종, 재주문합니다. ,맛있어서 여러 가지로 활용하기 좋습니다.,2020-07-26,5
900,브리,카스텔로,덴마크 브리 치즈,좋아요! ,항상 주문하던거에요 할인일때 사서 저렴하게 잘산것 같아요~~,2020-10-30,3
901,브리,카스텔로,덴마크 브리 치즈,브리 ,좋아서 재구매했어요,2020-10-30,0
902,브리,카스텔로,덴마크 브리 치즈,와인안주 ,와인안주와 샌드위치로 활용하기 좋아요,2020-10-30,2
903,브리,카스텔로,덴마크 브리 치즈,와인안주로 ,꿀발라 구울꺼에여 흐뭇,2020-10-30,3
904,브리,카스텔로,덴마크 브리 치즈,맛있어여 ,후기보고 샀는데 사길 잘했네옹,2020-10-30,3
905,브리,카스텔로,덴마크 브리 치즈,재구매 ,전갠적으로구워먹는건ㅜㅜ쫀득한식감이사라지고너무말랑거려비계녹인듯한식감이라,2020-10-30,1
906,브리,카스텔로,덴마크 브리 치즈,브리치즈로 고급스럽게 ,브리치즈랑 통밀빵이랑 꿀 견과류 사과 이렇게 조합해서 먹으면 최고예요 ,2020-10-30,3
907,브리,카스텔로,덴마크 브리 치즈,첫구매 대만족 ,브리치즈 처음 먹어보는데 쫀득? 한 식감이 좋아요,2020-10-30,3
908,브리,카스텔로,덴마크 브리 치즈,좋아요 ,브리치즈 빵에넣고 녹여먹어요,2020-10-30,0
909,브리,카스텔로,덴마크 브리 치즈,와인안주로딱 ,와인안주로 너무 좋아요,2020-10-30,1
910,브리,카스텔로,덴마크 브리 치즈,카스텔 ,브리치즈 맛있어요,2020-10-30,3
911,브리,카스텔로,덴마크 브리 치즈,브리치즈 너무 좋아용 ,올리브랑 놓고 같이 먹으면 최고,2020-10-30,1
912,브리,카스텔로,덴마크 브리 치즈,치즈 ,좋아해서 구입해봤어요.. 맛있게먹을께요,2020-10-29,0
913,브리,카스텔로,덴마크 브리 치즈,브리 치즈 구매 ,저 스웨덴 살때 자주 먹던건데 ㅎㅎ 스웨덴껀 없어서 옆나라 덴마크 브리치즈 샀어요 여기서 만나네요! 와인이랑 먹으면 맛나요,2020-10-29,2
914,브리,카스텔로,덴마크 브리 치즈,브리 ,빵위에 올려먹으면 굳!,2020-10-29,1
915,브리,카스텔로,덴마크 브리 치즈,자주애용 ,치즈맛나요 좋아해요,2020-10-29,5
916,브리,카스텔로,덴마크 브리 치즈,좋아요 ,자주애용해요 와인과굿,2020-10-29,3
917,브리,카스텔로,덴마크 브리 치즈,브리치즈 ,넘 좋아하는 브리치즈 맛있어요,2020-10-29,3
918,브리,카스텔로,덴마크 브리 치즈,맛있어요. ,브리치즈는 역시 특유의 식감 때문에 취저인 치즈입니다.,2020-10-29,5
919,브리,카스텔로,덴마크 브리 치즈,샌드위치용! ,샌드위치 해먹기 좋아요,2020-10-29,2
920,브리,카스텔로,덴마크 브리 치즈,맛있어요 ,브리치즈는 브랜드 상관없이 다 맛있는 것 같아요,2020-10-29,0
921,브리,카스텔로,덴마크 브리 치즈,잘 받았어요 ,브리치즈구이 해먹었어요.,2020-10-29,0
922,브리,카스텔로,덴마크 브리 치즈,샌드위치 ,용으로 사봤어요 기대,2020-10-29,6
923,브리,카스텔로,덴마크 브리 치즈,브리치즈 ,맛있을 것 같네요...,2020-10-29,1
924,브리,카스텔로,덴마크 브리 치즈,고소하고 ,고소하고 맛있어요 짜지도 않고 ~,2020-10-29,8
925,브리,카스텔로,덴마크 브리 치즈,와인안주 ,와인안주로 먹어보려고요,2020-10-29,8
926,브리,카스텔로,덴마크 브리 치즈,우앙 맛있습니다. ,하몽이랑 같이! 맛있습니다.,2020-10-29,4
927,브리,카스텔로,덴마크 브리 치즈,굿 ,혼자 와인과 궁합이잘맞어요,2020-10-29,0
928,브리,카스텔로,덴마크 브리 치즈,맛잇어요 ,와인이랑 찰떡입니다,2020-10-29,2
929,브리,카스텔로,덴마크 브리 치즈,와인안주로 딱! ,치즈 에어프라이어에 돌리고 메이플시럽이랑 건과류 뿌려주고 과자랑 먹으니 천국이에요! 재구매의사 오조오억퍼센트,2020-10-29,7
930,브리,카스텔로,덴마크 브리 치즈,굿 ,세일할때 사서 좋아요,2020-10-29,4
931,브리,카스텔로,덴마크 브리 치즈,치즈 ,카스텔로 덴마크 브리 치즈 정말 고소하고 맛있어요,2020-10-29,3
932,브리,카스텔로,덴마크 브리 치즈,좋아요 ,부드럽고 고소해요~,2020-10-29,6
933,브리,카스텔로,덴마크 브리 치즈,맛있어요 ,브리는 진짜 그냥 넘 맛있어요,2020-10-29,0
934,브리,카스텔로,덴마크 브리 치즈,재구매 ,저번에 주문한거 맛이 괜찮아서 두개 더 주문했어요. 마침세일해서 득템,2020-10-29,3
935,브리,카스텔로,덴마크 브리 치즈,생각보다 쪼그맣네요 ,와인이랑 브리치즈구이해먹어보려고 샀어요 그런데샌드위치로해먹어도 맛있다고해서 둘다해먹어보려구요 기대되네요^^,2020-10-29,9
936,브리,카스텔로,덴마크 브리 치즈,아직 ,아직 안먹어봤는데 기대중!,2020-10-29,4
937,브리,카스텔로,덴마크 브리 치즈,아주 죻은 와인 안쥬 :) ,"브리치즈 구이해서 와인 안주했어요 ㅋㅋ 치아바타에 슥슥 발라 먹고, 컬리에서 산 하몽에 멜론 곁들였더니 아 취한다",2020-10-28,7
938,브리,카스텔로,덴마크 브리 치즈,맛있어요 ,역시 브리엔 사과와 꿀..0,2020-10-28,2
939,브리,카스텔로,덴마크 브리 치즈,음... 제 취향은 아닌 것 같아요 ,브리 좋아하는데 이쪽 브리는 그다지 취향이 아닌듯 ㅠㅠ 아쉬웠어요,2020-10-28,2
940,브리,카스텔로,덴마크 브리 치즈,와인 마실 때 ,주말에 와인과 함께 먹을려구요~,2020-10-28,3
941,브리,카스텔로,덴마크 브리 치즈,치즈 ,브리치즈,2020-10-28,1
942,브리,카스텔로,덴마크 브리 치즈,첫구매 ,카스텔로 브리차즈는 첫구매에요. 아티장 비스켓이랑 함께 먹으려고 구매,2020-10-28,5
943,브리,카스텔로,덴마크 브리 치즈,맛있어요 ,무난한 브리 치즈에요 와인이랑 먹었어요,2020-10-28,1
944,브리,카스텔로,덴마크 브리 치즈,가성비 좋은 치즈 ,너무 맛있어요!!!,2020-10-28,2
945,브리,카스텔로,덴마크 브리 치즈,맛나요 ,살짝 구워서 아카시아꿀이랑 하루견과 넣고 감 슬라이스해서 와인과 함께~~ 좋아요,2020-10-28,0
946,브리,카스텔로,덴마크 브리 치즈,잘 먹고 있습니다 ,모닝빵에 살포시 얹어 먹네요,2020-10-28,3
947,브리,카스텔로,덴마크 브리 치즈,와인과 ,와인에 따악~ 괜찮은편이에요,2020-10-28,1
948,브리,카스텔로,덴마크 브리 치즈,맛있어요 ,맛있고. 사과랑 함께하니.,2020-10-28,6
949,브리,카스텔로,덴마크 브리 치즈,좋아요 ,요즘 치즈는 요것만 사요 메이플시럽 곁들여 먹음 맛있네요,2020-10-28,3
950,브리,카스텔로,덴마크 브리 치즈,좋아요 ,브리가 부드럽고 맛있어요,2020-10-28,5
951,브리,카스텔로,덴마크 브리 치즈,치 ,좋아요 맛있어요,2020-10-28,11
952,브리,카스텔로,덴마크 브리 치즈,맛있어요! ,에프에 구워서 견과류랑 꿀이랑 같이 먹었는데 맛있었어요!,2020-10-28,1
953,브리,카스텔로,덴마크 브리 치즈,굿 ,브리치즈 좋아하는데 좋아요,2020-10-28,7
954,브리,카스텔로,덴마크 브리 치즈,부드러워요 ,간식으로 먹기조아요 ㅎㅎ,2020-10-28,0
955,브리,카스텔로,덴마크 브리 치즈,좋아요:) ,부서지는 듯하면서도 찰진 특이한 질감에 브리치즈 특유의 쿰쿰한 뒷향이 살아있어요. 카스텔로 제품이 보기보다 후각적이나 미각적인 풍미가 강한거 같아요. 생으로 먹기에 식감은 약간 플라스틱 지우개 같은 느낌은 있습니다. 그래서 약간 녹이는 듯한 상태로 먹을때 식감이 더 좋아요.,2020-10-28,14
956,브리,카스텔로,덴마크 브리 치즈,후기 좋아서 ,브리치즈구이 해먹으려고 주문했어요!,2020-10-27,15
957,브리,카스텔로,덴마크 브리 치즈,재재재재구매 ,샌드위치에 넣으면 풍미가 살아나요,2020-10-27,2
958,브리,카스텔로,덴마크 브리 치즈,굿 ,순한맛이라서 부담없고 좋아요,2020-10-27,0
959,브리,카스텔로,덴마크 브리 치즈,쟁여둠 ,짜지않고 고소합니다.,2020-10-27,9
960,브리,카스텔로,덴마크 브리 치즈,와진짜 ,치아바타에 올려먹었는데 풍미진짜 강하고 너무 맛있어요ㅠㅠ,2020-10-27,11
961,브리,카스텔로,덴마크 브리 치즈,브리 브리 ,가성비 괜찮네요 재주문 각,2020-10-27,9
962,브리,카스텔로,덴마크 브리 치즈,맛나요 ,근데 넘 많이 사먹어서 이제 물리네요 ㅠㅠ,2020-10-27,0
963,브리,카스텔로,덴마크 브리 치즈,소스만들려고 ,소스만들려고 산 브리치즈,2020-10-27,9
964,브리,카스텔로,덴마크 브리 치즈,와인안주 ,최고요~ 세일할 때 샀는데 유통기한도 넉넉하네요,2020-10-27,10
965,브리,카스텔로,덴마크 브리 치즈,브리치즈 ,너무좋아요!! 샌드위치용으로 구매♡,2020-10-27,11
966,브리,카스텔로,덴마크 브리 치즈,와인이랑 함께 ,무난한 브리치즈에요! 와인이랑.최고,2020-10-27,14
967,브리,카스텔로,덴마크 브리 치즈,담백한 빵에... ,빵에 잘게 잘라 냠냠~,2020-10-26,12
968,브리,카스텔로,덴마크 브리 치즈,치즈 너무 맛나용 ,까망베르 sz 너무 맛나서 와인 홀짝 꿀에 찍어먹어도 맛나요,2020-10-26,8
969,브리,카스텔로,덴마크 브리 치즈,치즈좋아하는데 최애는 브리 ,치즈이것저것좋아하는데 브리치즈가 제일 좋네요 ㅜㅜ,2020-10-26,4
970,브리,카스텔로,덴마크 브리 치즈,좋아요 ,사과브리치즈 샌드위치 해먹으려고 샀어요 넘 맛있어요,2020-10-26,0
971,브리,카스텔로,덴마크 브리 치즈,좋아요 ,좋아하는 브리가 세일이라 더 좋네요,2020-10-26,6
972,브리,카스텔로,덴마크 브리 치즈,캠핑가서 브리치즈구이 해먹었어요 ,가격대비 맛도 괜찮은듯해요,2020-10-26,10
973,브리,카스텔로,덴마크 브리 치즈,브리치즈♡ ,넘 좋아하는데 8살딸아이도 좋아할줄이야 ㅠ 혼자먹고싶네요 ㅋㅋ,2020-10-26,7
974,브리,카스텔로,덴마크 브리 치즈,맛있어요 !?? ,치즈로 샌드위치 해먹었는데맛있어요 !?? 쫀득하고,2020-10-26,13
975,브리,카스텔로,덴마크 브리 치즈,좋아요 ,여러음식에 사용하려고 구매했는데 좋네요,2020-10-26,5
976,브리,카스텔로,덴마크 브리 치즈,브리치즈 ,토마토에 넣어먹으니 너무 맛잇어용,2020-10-26,6
977,브리,카스텔로,덴마크 브리 치즈,에프에 ,에프에 구우니 맛있네요,2020-10-26,6
978,브리,카스텔로,덴마크 브리 치즈,그럭 ,그럭저럭 ㅋ 다비슷한맛인듯,2020-10-26,3
979,브리,카스텔로,덴마크 브리 치즈,좋아요 ,평소에 브리치즈 좋아하는데,2020-10-26,5
980,브리,카스텔로,덴마크 브리 치즈,가성비 ,가성비 좋은거 같네요,2020-10-26,2
981,브리,카스텔로,덴마크 브리 치즈,재구매 ,브리치즈 좋아해서 종종 주문합니다,2020-10-26,3
982,브리,카스텔로,덴마크 브리 치즈,와인안주 ,와인이랑 같이 먹었어요,2020-10-26,6
983,브리,카스텔로,덴마크 브리 치즈,브리치즈 ,요건 첨 구매하는데 맛있기를,2020-10-26,2
984,브리,카스텔로,덴마크 브리 치즈,구워먹으려고 구매 ,브리치즈 구워먹어도 맛있어요,2020-10-26,5
985,브리,카스텔로,덴마크 브리 치즈,맛있어요 ,맛있습니다 쫀득쫀득,2020-10-25,5
986,브리,카스텔로,덴마크 브리 치즈,맛있어서 ,재구매했어요,2020-10-25,3
987,브리,카스텔로,덴마크 브리 치즈,굿굿 ,사과브리치즈 샌드위치 자주 해먹는데 사과랑도 잘 어울리고 햄이랑도 잘어울리구 그냥먹어도 맛나요,2020-10-25,4
988,브리,카스텔로,덴마크 브리 치즈,재구매 ,샌드위치에 정말 좋아요,2020-10-25,4
989,브리,카스텔로,덴마크 브리 치즈,사과브리치즈샌드위치!!! ,동네에서 제일 맛있는 바게트 사다가 사이에 홀머스터드 깔고!,2020-10-25,6
990,브리,카스텔로,덴마크 브리 치즈,잘 받았습니다 ,이번 상품은 신선함이 떨어지네요,2020-10-25,0
991,브리,카스텔로,덴마크 브리 치즈,생각보다 마일드해요 ,샌드위치 해먹었는데 생각보단 맛이연해서 많이 넣어야 할 것 같아요. 치즈 자체는 맛있어요. 살짝 구운다음에 먹었어요.,2020-10-25,6
992,브리,카스텔로,덴마크 브리 치즈,맛있어요 ,불쾌한 냄새 안나고 우유맛 많이 나요 샌드위치에도 잘어울리고 꿀이랑 호두랑 먹었더니 맛있었어요,2020-10-25,0
993,브리,카스텔로,덴마크 브리 치즈,담백 ,하고 맛있네요 부드러워요,2020-10-25,3
994,브리,카스텔로,덴마크 브리 치즈,애플 브리 샌드위치 ,애플브리 샌드위치 너무 좋아해서 자주 시켜먹어요,2020-10-25,3
995,브리,카스텔로,덴마크 브리 치즈,샐러드용 ,과일과 샐러드 해먹어도 좋아요~ 발사믹과 잘 어울립니다,2020-10-25,1
996,브리,카스텔로,덴마크 브리 치즈,브리 ,치즈 구워서 꿀이랑 견과류 짱맛,2020-10-25,3
997,브리,카스텔로,덴마크 브리 치즈,첫구매 ,와인안주로구매해밧어용,2020-10-24,0
998,브리,카스텔로,덴마크 브리 치즈,브리치즈 ,브리치즈 샌드위치 만드려고 샀어요 ,2020-10-24,1
999,브리,카스텔로,덴마크 브리 치즈,다들 추천하는 이유가 ,짭쪼름하고 냄새 안나서 좋아요,2020-10-24,3
