review_no,category,brand_name,product_name,review_title,review_detail,review_date,review_views,brand,brand_code
111,4,사토리,헤리티지 체다,아이가 좋아해서 ,자주 삽니다 ㅎㅎ 샐러드에도 제격!,2020-09-11,4,사토리,39
153,4,사토리,헤리티지 체다,익숙한맛 ,익숙해서 그런지 여러종류 시켰는데 체다가 제일맛있네요,2020-04-29,15,사토리,39
614,10,앙트르몽,에멘탈 치즈,예쁜 구멍이 뽕뽕 ,있는 향기도 맛도 질감도 쫀득한 맛있는 에멘탈치즈~~치즈는 사랑입니당♡.반은 먹어버린 사진이네요.^^,2020-10-23,7,앙트르몽,14
313,5,사토리,사베치오 파마산,오 ,깊은맛이 나요 맛나뇨,2020-10-11,16,사토리,39
346,5,사토리,사베치오 파마산,맛있어요 ,깨끗한 맛이어서 좋아요.,2020-09-01,20,사토리,39
299,1,라 콘타디나,버팔로 모짜렐라,맛있어요 ,맛있어요 ,2020-09-03,5,라 콘타디나,9
113,4,사토리,헤리티지 체다,후기가 좋아서 ,후기가 괜찮은것같아서 구입했어용,2020-09-05,4,사토리,39
791,2,안젤로,고르곤졸라 피칸테,맛있어요 ,스테이크에 고르곤졸라 치즈와 금귤쨈 올려먹으니 너무 맛있어요. 물론 간단한 또르띠아 치즈 피자에 꿀과 올려 먹어도 맛있고요.,2020-09-07,14,안젤로,7
922,8,카스텔로,덴마크 브리 치즈,샌드위치 ,용으로 사봤어요 기대,2020-10-29,6,카스텔로,32
436,3,콜롬보,리코타,너무 좋아요 ~ ,정말 꾸덕하거 제가 너무 좋아하는 ,2020-10-26,12,콜롬보,28
416,3,콜롬보,리코타,재구매 ,한동안 품절이라 재입고 기다리다 샀어요 집에서 만든 것처럼 담백해서 빵이랑 간단히 먹기 좋아요,2020-10-28,13,콜롬보,28
344,5,사토리,사베치오 파마산,특이해요 ,일반 파마산보다 훨씬 부드럽고 풍미가 독특해요. 맛있긴 한데 파르미지아노 넣었을 때 기대하는 맛이랑 좀 차이가 있을 수 있다는 걸 주의해야할듯합니당.. 까르보나라는 보통 파르미지아노가 더 맛있더라구요 저는..ㅎㅎ,2020-09-04,12,사토리,39
568,7,카스텔로,덴마크 까망베르 치즈,여태먹은것중 ,가장 맛있는 까망베르였어요,2020-10-15,10,카스텔로,32
117,4,사토리,헤리티지 체다,최애 치즈 ,진하고 짭짤해요ㅎㅎ처음 먹고 깜짝놀랐어요 원래도 치즈좋아하는데 크기도 괜찮고 크래커만드는데 잘 활용했어요,2020-09-02,4,사토리,39
483,3,콜롬보,리코타,괜찮았어요 ,제가 생각한 쫀쫀하고 식당에서 먹은 단 치즈는 아니라 당황 근데 먹어보니 부드럽고 고소해서 샐러드용으로 최고,2020-10-20,1,콜롬보,28
713,2,안젤로,고르곤졸라 피칸테,늘 ,주문하는 고르곤졸라 피칸테,2020-10-21,2,안젤로,7
202,1,라 콘타디나,버팔로 모짜렐라,버팔로 ,치즈가 부드럽고 맛있네요,2020-10-27,11,라 콘타디나,9
401,3,콜롬보,리코타,로메인과 견과류랑 ,로메인과 견과류 넣고 계란에 올리브오일 뿌리고 발사믹으로 마무리! 리코타 요 브랜드 첨 사보는데 좋네요. 푸석하지 않아서 좋아요.,2020-10-29,12,콜롬보,28
208,1,라 콘타디나,버팔로 모짜렐라,음.. ,끝맛이 뭔가 특이.. 이상한 맛이 나네요ㅠㅠ 부라타치즈 품절이라 이거 시켰는데 아쉽네용,2020-10-24,6,라 콘타디나,9
657,10,앙트르몽,에멘탈 치즈,맛나요 ,뭐 항상그대루 맛 있죠,2020-10-11,4,앙트르몽,14
272,1,라 콘타디나,버팔로 모짜렐라,샐러드만들기 추천 ,부라타치즈가 품절이라서 버팔로 모짜렐라로 샐러드를 만들어봤어요. 퐁신퐁신한 질감이라서 부라타치즈와 유사해요. 가격대비로 봤을 때도 괜찮은 것 같아요,2020-09-15,16,라 콘타디나,9
756,2,안젤로,고르곤졸라 피칸테,만족 ,피칸테 만족합니다 ~,2020-09-25,5,안젤로,7
331,5,사토리,사베치오 파마산,파스타용으로 ,딸 요청으로 구매. 정통 까르보나라는 달걀과 파마산치즈로... 남은건 크래드에 잘 싸둠.,2020-09-21,15,사토리,39
636,10,앙트르몽,에멘탈 치즈,에멘탈 ,구멍이숑숑 무지크네요그램수는같겠죠?,2020-10-15,13,앙트르몽,14
972,8,카스텔로,덴마크 브리 치즈,캠핑가서 브리치즈구이 해먹었어요 ,가격대비 맛도 괜찮은듯해요,2020-10-26,10,카스텔로,32
917,8,카스텔로,덴마크 브리 치즈,브리치즈 ,넘 좋아하는 브리치즈 맛있어요,2020-10-29,3,카스텔로,32
851,6,빔스터,110년 전통 고다치즈 3종,에이지드랑 일반 둘다 먹어봤어요 ,지난 번에 에이지드 시켰는데 약간 씁쓸한..? 치즈 향이 강한 것 같아서 이번엔 일반으로 시켰어요,2020-09-05,22,빔스터,24
674,10,앙트르몽,에멘탈 치즈,피자에 넣어 먹었어용 ,풍미가 엄청 훅 올라오는 건 없지만,2020-10-05,6,앙트르몽,14
803,6,빔스터,110년 전통 고다치즈 3종,무난 ,와인 안주로 종종먹어요.,2020-10-27,1,빔스터,24
695,10,앙트르몽,에멘탈 치즈,두번째 ,두번째구매입니다. 적당히 먹기 좋은 맛이예요. 여행가서 먹을 예정입니다,2020-09-24,5,앙트르몽,14
900,8,카스텔로,덴마크 브리 치즈,좋아요! ,항상 주문하던거에요 할인일때 사서 저렴하게 잘산것 같아요~~,2020-10-30,3,카스텔로,32
988,8,카스텔로,덴마크 브리 치즈,재구매 ,샌드위치에 정말 좋아요,2020-10-25,4,카스텔로,32
766,2,안젤로,고르곤졸라 피칸테,치즈향이 강해요 ,생각보다 향이 강해서 놀랐어요,2020-09-21,7,안젤로,7
529,7,카스텔로,덴마크 까망베르 치즈,치즈구이로 으뜸! ,"살짝 칼집내고 견과류와 건과일, 꿀 뿌려 오븐이나 에프에 살짝 구워주면 아주 눈돌아가는 맛에 끊을 수가 없음",2020-10-23,5,카스텔로,32
411,3,콜롬보,리코타,좋아요!! ,맛있어요!!!!!!,2020-10-29,0,콜롬보,28
396,5,사토리,사베치오 파마산,맛나요~~ ,파스타에 갈아 넣으니~~살살 녹아요!!,2020-07-05,4,사토리,39
731,2,안젤로,고르곤졸라 피칸테,항상 사는 보편적인 고르곤졸라 ,향도 은은하게 잘 나고 좋은 것 같아요 항상 구매하는 제품이에요,2020-10-09,6,안젤로,7
1,0,퀘스크렘,블루치즈 크림치즈,치즈맛 찐해요 ,꼬소한 치즈 냄새가 확 나요,2020-10-26,4,퀘스크렘,0
268,1,라 콘타디나,버팔로 모짜렐라,빨리 먹고 싶네요 ,컬리에서 주문을 했네요,2020-09-16,1,라 콘타디나,9
404,3,콜롬보,리코타,맛있어요 ,부드럽고 아주 좋네요,2020-10-29,6,콜롬보,28
82,0,퀘스크렘,블루치즈 크림치즈,잘 먹고 있어요 ,크림치즈 치고 텍스춰가 살짝 하드하지만...잘 먹고 있어요,2020-08-08,4,퀘스크렘,0
864,6,빔스터,110년 전통 고다치즈 3종,쏘쏘 ,일단 그냥 먹어보고 샐러드랑 같이 와서 샐러드랑도 먹음.,2020-08-29,10,빔스터,24
827,6,빔스터,110년 전통 고다치즈 3종,고다 ,고다 너무 좋아해요,2020-10-06,12,빔스터,24
79,0,퀘스크렘,블루치즈 크림치즈,고소~ ,고소하고 맛나는데 쫌 작은양이 있슴~,2020-08-12,5,퀘스크렘,0
955,8,카스텔로,덴마크 브리 치즈,좋아요:) ,부서지는 듯하면서도 찰진 특이한 질감에 브리치즈 특유의 쿰쿰한 뒷향이 살아있어요. 카스텔로 제품이 보기보다 후각적이나 미각적인 풍미가 강한거 같아요. 생으로 먹기에 식감은 약간 플라스틱 지우개 같은 느낌은 있습니다. 그래서 약간 녹이는 듯한 상태로 먹을때 식감이 더 좋아요.,2020-10-28,14,카스텔로,32
884,6,빔스터,110년 전통 고다치즈 3종,부드럽고 짜지 않은 치즈 ,많이 짜지 않고 되게 부드럽게 잘라지는 gouda cheese이에용,2020-08-12,7,빔스터,24
12,0,퀘스크렘,블루치즈 크림치즈,빵에도 샐러드도 좋아요 ,빵에 간편하게 발라먹고 와인안주로 먹고 좋네요,2020-10-20,6,퀘스크렘,0
870,6,빔스터,110년 전통 고다치즈 3종,아주 좋아요~ ,맛있습니다. 다양하게 쓸것같아요~,2020-08-25,14,빔스터,24
582,7,카스텔로,덴마크 까망베르 치즈,"버섯풍미도 강하고 맛이 좋은제품인데, 항상 녹은... ",렌지에 돌리지않고 그냥 포장 벗긴 상태인데 플라스틱포장지에도 치즈물(?)이 흥건히 고여 굳은상태였어요. 비닐은 딱 붙은상태..,2020-10-08,17,카스텔로,32
33,0,퀘스크렘,블루치즈 크림치즈,맛있어요 ,좋아요 좋아요...,2020-09-09,9,퀘스크렘,0
846,6,빔스터,110년 전통 고다치즈 3종,맛있네요 ,"서울** 슬라이스 고다치즈만 먹다가,",2020-09-08,6,빔스터,24
724,2,안젤로,고르곤졸라 피칸테,꼬릿꼬릿 ,좋아합니다~~~최애 술안주,2020-10-14,3,안젤로,7
655,10,앙트르몽,에멘탈 치즈,아직 ,맛있었음 좋겠습니당,2020-10-11,17,앙트르몽,14
66,0,퀘스크렘,블루치즈 크림치즈,호불호 ,남편은 인상써요 ㅎㅎㅎ,2020-08-17,24,퀘스크렘,0
857,6,빔스터,110년 전통 고다치즈 3종,첫구매 ,와인안주하려고삿는데,2020-09-02,10,빔스터,24
784,2,안젤로,고르곤졸라 피칸테,믿고구매 ,마켓컬리 제품이라 믿고 구매합니다,2020-09-12,9,안젤로,7
541,7,카스텔로,덴마크 까망베르 치즈,넘 맛있어요 ,호텔뷔페에서 먹던맛이네요,2020-10-21,2,카스텔로,32
625,10,앙트르몽,에멘탈 치즈,음.. ,맛이 많이 심심하네요..퐁듀할때 그냥 재료로 넣어버리려구요.. 제 입맛이랑은 잘 안맞네요 ㅠ ㅠ,2020-10-21,10,앙트르몽,14
979,8,카스텔로,덴마크 브리 치즈,좋아요 ,평소에 브리치즈 좋아하는데,2020-10-26,5,카스텔로,32
962,8,카스텔로,덴마크 브리 치즈,맛나요 ,근데 넘 많이 사먹어서 이제 물리네요 ㅠㅠ,2020-10-27,0,카스텔로,32
903,8,카스텔로,덴마크 브리 치즈,와인안주로 ,꿀발라 구울꺼에여 흐뭇,2020-10-30,3,카스텔로,32
782,2,안젤로,고르곤졸라 피칸테,파스타 해먹으려구 ,고르곤졸라가 돌체와 피깐떼 두종류가 있는데 피깐떼가 좀더 숙성된거래요~,2020-09-12,11,안젤로,7
700,2,안젤로,고르곤졸라 피칸테,굿 ,마요에 섞어서 채소딥으로 먹기 딱,2020-10-29,0,안젤로,7
615,10,앙트르몽,에멘탈 치즈,처음 ,먹어봤는데 샌드위치랑 조합이 좋네요,2020-10-23,10,앙트르몽,14
22,0,퀘스크렘,블루치즈 크림치즈,맛있어요 ,향도진하고 바게뜨에발라 먹으니 맛있네요,2020-10-13,9,퀘스크렘,0
137,4,사토리,헤리티지 체다,명성만큼 진한 맛 ,샌드위치용으로 좋아요,2020-07-24,5,사토리,39
556,7,카스텔로,덴마크 까망베르 치즈,덴마크 ,무난하고 맛있어요,2020-10-18,10,카스텔로,32
967,8,카스텔로,덴마크 브리 치즈,담백한 빵에... ,빵에 잘게 잘라 냠냠~,2020-10-26,12,카스텔로,32
432,3,콜롬보,리코타,샐러드에 ,샐러드에 뚝뚝 떠 넣어 엊히니 아주 좋네요,2020-10-26,2,콜롬보,28
520,7,카스텔로,덴마크 까망베르 치즈,샌드위치 ,샌드위치용으로 사용하려구요~,2020-10-25,1,카스텔로,32
768,2,안젤로,고르곤졸라 피칸테,과일 위에 얻을 치즈 만들어요 ,생크림에 고르곤졸라랑 고다치즈 끓이면서 녹이고 후추 넉넉하게 뿌려서 냉장실에 굳히면 딱딱한 과일에 곁들여 먹기 정말 좋아요. 손님 왔을 때 그냥 과일 내놓기 보다는 치즈도 같이 얹어서 주면 좀 더 신경쓰는 것 같아서 잘 사용하고 있는 레시피에요,2020-09-19,6,안젤로,7
733,2,안젤로,고르곤졸라 피칸테,맛있어요! ,꿀이랑 조합이 잘 맞아요!,2020-10-09,1,안젤로,7
441,3,콜롬보,리코타,rich 하고thick해요 ,쫀쫀하고 맛있네요,2020-10-25,6,콜롬보,28
0,0,퀘스크렘,블루치즈 크림치즈,고르곤졸라피자를 좋아하신다면! ,아웃백의 블루치즈드레싱을 엄청 좋아하고 고르곤졸라피자도 좋아합니다. 그래서 혹시 그 꼬릿한 맛이 나는 치즈일까해서 구매해봤는데 맞네요!,2020-10-27,4,퀘스크렘,0
841,6,빔스터,110년 전통 고다치즈 3종,치즈 맛이 풍부해요 ,치즈향이 풍부하고 깊어서 파스타에 뿌려먹으면 너무 좋을 것 같아요,2020-09-14,9,빔스터,24
37,0,퀘스크렘,블루치즈 크림치즈,맛있어요 ,후기평보고 샀는데 맛나요,2020-09-03,3,퀘스크렘,0
886,6,빔스터,110년 전통 고다치즈 3종,음 ,제 입맛엔 별로였지만 친구가 잘 먹어서 줬어요 ㅎㅎ,2020-08-09,5,빔스터,24
219,1,라 콘타디나,버팔로 모짜렐라,굿굿 ,와인 안주로 아보카도랑 올리브오일 소금 후추 해서 ,2020-10-15,7,라 콘타디나,9
65,0,퀘스크렘,블루치즈 크림치즈,중독성 있는 맛 ,묘하게 중독성 있는 맛입니다. 블루치즈의 향이 강하지 않은 게 아쉬워요,2020-08-18,28,퀘스크렘,0
132,4,사토리,헤리티지 체다,헤리티지 체다치즈 ,"일단 너무 부드럽고 꾸리한 냄새도 없고요,",2020-08-04,5,사토리,39
630,10,앙트르몽,에멘탈 치즈,맛있어요 ,리치몬드 발누스 빵에 에그스프레드바르고 루꼴라랑 존쿡 피프파스트라미해서 먹으면 맛있어요!!!,2020-10-19,15,앙트르몽,14
621,10,앙트르몽,에멘탈 치즈,퐁듀용 ,퐁듀할려고 샀어요.,2020-10-22,7,앙트르몽,14
70,0,퀘스크렘,블루치즈 크림치즈,리조또에첨가 ,제가 원래 고르곤졸라같은 블루치즈를좋아하는데요.,2020-08-16,12,퀘스크렘,0
895,6,빔스터,110년 전통 고다치즈 3종,재구매 ,와인안주로 너무 좋군요~~,2020-07-30,9,빔스터,24
315,5,사토리,사베치오 파마산,굿 ,고소하고 맛있어요~~청포도와 함께 먹으니 더 맛있어요~,2020-10-10,13,사토리,39
837,6,빔스터,110년 전통 고다치즈 3종,먹기전 ,후기가 좋아서 사보았음,2020-09-20,17,빔스터,24
835,6,빔스터,110년 전통 고다치즈 3종,넘 맛있어요 ,재구매 행진. 맛있어요.,2020-09-22,19,빔스터,24
209,1,라 콘타디나,버팔로 모짜렐라,맛있어요. ,보들보들 치즈는 언제나 사랑입니다~ ,2020-10-23,11,라 콘타디나,9
18,0,퀘스크렘,블루치즈 크림치즈,베이글에 ,발라 먹어보려구요 ㅎㅎ,2020-10-15,28,퀘스크렘,0
527,7,카스텔로,덴마크 까망베르 치즈,맛있어요 *.* ,어제도착하자마자 먹어봤는데 맛있어요. 쓰지도않고 벌써 절반이나 먹었네요. 또 사러올게요,2020-10-23,1,카스텔로,32
744,2,안젤로,고르곤졸라 피칸테,11월5일까지 ,유통기한이잛지만 세일이라 좋아요.,2020-10-06,4,안젤로,7
400,3,콜롬보,리코타,ㄹㅋㅌ ,리코타 세일해서 샀어요,2020-10-30,9,콜롬보,28
239,1,라 콘타디나,버팔로 모짜렐라,맛있어요 ,부라타 대용으로 좋아요,2020-09-28,17,라 콘타디나,9
592,7,카스텔로,덴마크 까망베르 치즈,그냥 그래요 ,걍 그래요 제 입맛에는 별로요 ㅜㅜ,2020-10-06,7,카스텔로,32
394,5,사토리,사베치오 파마산,러브잇 ,치즈 넘 조아하는데 넘 맛남,2020-07-05,18,사토리,39
329,5,사토리,사베치오 파마산,파마신 너무 좋아요 ,따로 갈아서 쓰진 않았고 안주로 먹는데,2020-09-24,13,사토리,39
949,8,카스텔로,덴마크 브리 치즈,좋아요 ,요즘 치즈는 요것만 사요 메이플시럽 곁들여 먹음 맛있네요,2020-10-28,3,카스텔로,32
992,8,카스텔로,덴마크 브리 치즈,맛있어요 ,불쾌한 냄새 안나고 우유맛 많이 나요 샌드위치에도 잘어울리고 꿀이랑 호두랑 먹었더니 맛있었어요,2020-10-25,0,카스텔로,32
607,10,앙트르몽,에멘탈 치즈,굳 ,먹어보니 이게 젤 맛있어요,2020-10-25,10,앙트르몽,14
106,4,사토리,헤리티지 체다,세일해서 구매 ,같은 브랜드 치즈가 다 맛있어서 구매했어요,2020-09-14,1,사토리,39
640,10,앙트르몽,에멘탈 치즈,. ,진하고 좋아요. ㄴㄷㄱㄷ,2020-10-15,2,앙트르몽,14
376,5,사토리,사베치오 파마산,갈아먹고 먹고 ,파스타나 샐러드나 어디든 뿌릴라고 한번 사봤어요 ,2020-07-27,8,사토리,39
58,0,퀘스크렘,블루치즈 크림치즈,맛있어요^^ ,크림치즈가 꾸덕하니 머끼 좋아요 맛있어요,2020-08-21,9,퀘스크렘,0
5,0,퀘스크렘,블루치즈 크림치즈,제대로 치즈 ,진한 크림치즈를 먹고 싶다면추천,2020-10-24,2,퀘스크렘,0
994,8,카스텔로,덴마크 브리 치즈,애플 브리 샌드위치 ,애플브리 샌드위치 너무 좋아해서 자주 시켜먹어요,2020-10-25,3,카스텔로,32
15,0,퀘스크렘,블루치즈 크림치즈,만족합니다. ,잘 숙성된 치즈의 향입니다.,2020-10-17,5,퀘스크렘,0
405,3,콜롬보,리코타,리코타치즈 재구매 ,재입고 되자마자 구매했어요 자주 시켜먹는데 맛있어요,2020-10-29,9,콜롬보,28
214,1,라 콘타디나,버팔로 모짜렐라,부드럽고 진해요 ,진하고 부드러운 맛이 좋네요. 그냥 먹어도 고소하고 좋아요,2020-10-20,12,라 콘타디나,9
918,8,카스텔로,덴마크 브리 치즈,맛있어요. ,브리치즈는 역시 특유의 식감 때문에 취저인 치즈입니다.,2020-10-29,5,카스텔로,32
951,8,카스텔로,덴마크 브리 치즈,치 ,좋아요 맛있어요,2020-10-28,11,카스텔로,32
360,5,사토리,사베치오 파마산,치즈 ,갈아먹으려고 샀어요,2020-08-11,8,사토리,39
805,6,빔스터,110년 전통 고다치즈 3종,쪼매 ,맛있다길래 넘작네ㅎ,2020-10-27,4,빔스터,24
28,0,퀘스크렘,블루치즈 크림치즈,블루치즈 ,음 익숙한 크림치즈맛은 아니네요,2020-09-18,15,퀘스크렘,0
608,10,앙트르몽,에멘탈 치즈,맛있어요 ,와인과 먹으려고 구매,2020-10-25,16,앙트르몽,14
578,7,카스텔로,덴마크 까망베르 치즈,맛있어요! ,치즈 초보도 먹기 좋았어요,2020-10-11,6,카스텔로,32
623,10,앙트르몽,에멘탈 치즈,에멘탈 ,피자에 넣으려고 주문함,2020-10-21,13,앙트르몽,14
438,3,콜롬보,리코타,고소해요 ,담백 고소 괜찮네요,2020-10-25,11,콜롬보,28
980,8,카스텔로,덴마크 브리 치즈,가성비 ,가성비 좋은거 같네요,2020-10-26,2,카스텔로,32
759,2,안젤로,고르곤졸라 피칸테,주말 하우스 피자의 화룡정점을 담당하는 고르곤졸라 ,주말 하우스 피자의 화룡정점을 담당하는 고르곤졸라,2020-09-24,6,안젤로,7
498,3,콜롬보,리코타,맛있어요 ,다른거에비해 싱겁긴 하지만 건강한맛이라고 생각해요,2020-10-17,2,콜롬보,28
868,6,빔스터,110년 전통 고다치즈 3종,진짜 맛있어요 ,와우 진짜 맛있어요~ 재주문 의향 있어요!,2020-08-27,12,빔스터,24
449,3,콜롬보,리코타,리코타 ,담백하고 맛있어요 여러모로 잘 먹을 듯 하네요,2020-10-23,5,콜롬보,28
680,10,앙트르몽,에멘탈 치즈,굿 ,치즈 좋아하는 딸이 잘 먹네요~맛있대요,2020-10-02,1,앙트르몽,14
361,5,사토리,사베치오 파마산,샤샤샥 눈꽃처럼 ,샐러드나 파스타 어디에나 눈꽃처럼 샤샤샥 뿌려 먹습니다 ,2020-08-11,20,사토리,39
707,2,안젤로,고르곤졸라 피칸테,못먹겠어요...이렇게 먹기힘든 건줄몰랐네요 ,피자 위에 올라간 고르곤졸라는 사과향이나고 정말 향긋하고 부드러웠는데...이건 절대 그런맛이 안나네요. ,2020-10-25,3,안젤로,7
814,6,빔스터,110년 전통 고다치즈 3종,탁월하네요~~ ,안주로 짜지 않고 너무 맛있네요,2020-10-20,3,빔스터,24
426,3,콜롬보,리코타,샐러드용 ,샐러드에 소스없이 리코타치즈 넣어서 먹는데 괜찮네요.,2020-10-27,10,콜롬보,28
823,6,빔스터,110년 전통 고다치즈 3종,상품평 ,보고 와인에 먹어보려고 구매,2020-10-11,4,빔스터,24
740,2,안젤로,고르곤졸라 피칸테,고르곤졸라 피자 ,또띠아 위에 고르곤졸라 피자용으로 구입했는데 괜찮네요,2020-10-06,3,안젤로,7
413,3,콜롬보,리코타,좋아요 ,샐러드와 곁들이려구요,2020-10-28,2,콜롬보,28
698,10,앙트르몽,에멘탈 치즈,최애치즈 ,에멘탈 넘좋아해서 종종.시켜먹어요~,2020-09-24,13,앙트르몽,14
46,0,퀘스크렘,블루치즈 크림치즈,맛있어요 ,베이글에 발라먹는데 풍미가 좋아요,2020-08-27,7,퀘스크렘,0
966,8,카스텔로,덴마크 브리 치즈,와인이랑 함께 ,무난한 브리치즈에요! 와인이랑.최고,2020-10-27,14,카스텔로,32
453,3,콜롬보,리코타,첫구매 , 후기괜찮아서 구매해요,2020-10-23,13,콜롬보,28
769,2,안젤로,고르곤졸라 피칸테,음 ,다른브랜드거보다 좀더 강한맛입니당,2020-09-17,13,안젤로,7
479,3,콜롬보,리코타,오늘이 10월 20일 ,11월 2일까지더라구요 유통기한이,2020-10-20,5,콜롬보,28
110,4,사토리,헤리티지 체다,이렇게 맛있다니!! ,후기만 보고 샀는데 정말 안샀으면 후회할뻔 ㅠㅠㅠㅠㅠ 그냥 먹어도 빵에 올려먹어도 샌드위치에 넣어먹어도 다 맛있어요. 오자마자 맛보려고 뜯었다가 맨입에 계속 먹었어요.,2020-09-12,4,사토리,39
874,6,빔스터,110년 전통 고다치즈 3종,재구매 ,쌉쌀해서 땡기네요~,2020-08-22,13,빔스터,24
440,3,콜롬보,리코타,굿 ,진짜 맛있어요 고소하고 담백해요,2020-10-25,5,콜롬보,28
617,10,앙트르몽,에멘탈 치즈,의외 ,가격 저렴해서 기대안했는데 의외로 깊은맛,2020-10-23,14,앙트르몽,14
124,4,사토리,헤리티지 체다,재 구매 입니다~ ,먹어보니 입맛에 맛는 건강한 치즈인 것 같아,2020-08-22,10,사토리,39
875,6,빔스터,110년 전통 고다치즈 3종,굿 ,꽤 짭짤한데,2020-08-21,2,빔스터,24
374,5,사토리,사베치오 파마산,좋아요 ,토핑하면 넘 맛있어요,2020-07-29,9,사토리,39
216,1,라 콘타디나,버팔로 모짜렐라,무화과랑 ,수분많고 부드러운 치즈에요,2020-10-18,7,라 콘타디나,9
968,8,카스텔로,덴마크 브리 치즈,치즈 너무 맛나용 ,까망베르 sz 너무 맛나서 와인 홀짝 꿀에 찍어먹어도 맛나요,2020-10-26,8,카스텔로,32
721,2,안젤로,고르곤졸라 피칸테,음~~ ,냄새와 맛이 정반대ㅋ,2020-10-15,2,안젤로,7
598,7,카스텔로,덴마크 까망베르 치즈,와인 안주로 딱!! ,"브릭 치즈보다는 큥큥한 냄새가 더 심하지만,치즈에 깊은 맛이 느껴져서 이걸로 구매했어욥 !!",2020-10-05,6,카스텔로,32
427,3,콜롬보,리코타,샐러드 ,해먹었어요,2020-10-27,1,콜롬보,28
937,8,카스텔로,덴마크 브리 치즈,아주 죻은 와인 안쥬 :) ,"브리치즈 구이해서 와인 안주했어요 ㅋㅋ 치아바타에 슥슥 발라 먹고, 컬리에서 산 하몽에 멜론 곁들였더니 아 취한다",2020-10-28,7,카스텔로,32
806,6,빔스터,110년 전통 고다치즈 3종,빔스터 ,맛있어요,2020-10-25,0,빔스터,24
662,10,앙트르몽,에멘탈 치즈,귀엽네요 ,샌드위치 해먹으려고 샀는데 두세개정도 만들수 있을것 같아요. 슬라이스형이 아니라 좀 쓰기에 불편하지만 그래도 귀엽네요,2020-10-09,6,앙트르몽,14
457,3,콜롬보,리코타,샤인머스켓과 끝장 존맛 ,샤인머스켓곁들여 수시로 먹어요 최고 애피타이저죠,2020-10-22,6,콜롬보,28
819,6,빔스터,110년 전통 고다치즈 3종,부드러운 ,치즈. 전 좀더 짠한 고다치즈를 생각했는데 더 부드러운 맛과 삭감이에요. 로얄~ 어울리는 이름,2020-10-17,2,빔스터,24
482,3,콜롬보,리코타,유통기한 12일 ,유통기한 12일 남은 걸 보내주시다니...이 정도면 설명 페이지에 ‘유통기한 임박’이라 적어야 하는 거 아닌가요?!,2020-10-20,2,콜롬보,28
730,2,안젤로,고르곤졸라 피칸테,자주 구입 ,자주 구입해요. 가격이 착한만큼 맛도 순해요.,2020-10-10,7,안젤로,7
127,4,사토리,헤리티지 체다,오 맛있어용 ,체다에 요새 빠져서 와인하고 맛있어용 다른 체다도 구매해보는걸로,2020-08-10,3,사토리,39
154,4,사토리,헤리티지 체다,일주일만에 두개 순삭 ,8세 아이가 이걸 너무 좋아해서 자꾸만 제꺼를 뺏어먹네요 ㅎㅎ 누가보면 와인안준줄.... 8세 간식입니다,2020-04-23,20,사토리,39
871,6,빔스터,110년 전통 고다치즈 3종,맛있어요 ,에이지드랑 비교했을때 확실히 풍미가 더 하고 ,2020-08-24,2,빔스터,24
390,5,사토리,사베치오 파마산,우리가 먹던 그 맛! 굿! ,파스타 집이나 브런치 가게 가면 먹던 그 맛입니다. 맛있습니다. 샐러드를 먹을 때 위에 먹고 또 갉아서 올려 먹습니다. ,2020-07-11,39,사토리,39
530,7,카스텔로,덴마크 까망베르 치즈,굿~ ,토마토와 함께 먹으면 풍미가 끝~,2020-10-23,3,카스텔로,32
876,6,빔스터,110년 전통 고다치즈 3종,진짜 ,이렇게 맛난 고다치즈! 오랜만이요,2020-08-21,12,빔스터,24
602,10,앙트르몽,에멘탈 치즈,굿 ,아이들 어른들 다 잘 먹는 치즈에요~,2020-10-28,12,앙트르몽,14
504,7,카스텔로,덴마크 까망베르 치즈,좋아요 ,할인하네요 맛 괜찮아요,2020-10-28,3,카스텔로,32
929,8,카스텔로,덴마크 브리 치즈,와인안주로 딱! ,치즈 에어프라이어에 돌리고 메이플시럽이랑 건과류 뿌려주고 과자랑 먹으니 천국이에요! 재구매의사 오조오억퍼센트,2020-10-29,7,카스텔로,32
38,0,퀘스크렘,블루치즈 크림치즈,엄청 맛있어요! ,평소에 꾸링꾸링한 치즈를 좋아한다면 아주 딱!인 크림치즈입니다! 맛있어요~,2020-09-02,7,퀘스크렘,0
588,7,카스텔로,덴마크 까망베르 치즈,괜춘 , 전에 먹던 것보다 냄새는 덜한데 고소하고 촉촉하네요. 냄새가 덜한게 좀 아쉽지만 그래도 술안주나 간식으러 만족스럽습니다^^,2020-10-06,3,카스텔로,32
628,10,앙트르몽,에멘탈 치즈,치즈 파스타로 굿 ,치즈 파스타 하려고 구매했어요,2020-10-19,17,앙트르몽,14
936,8,카스텔로,덴마크 브리 치즈,아직 ,아직 안먹어봤는데 기대중!,2020-10-29,4,카스텔로,32
392,5,사토리,사베치오 파마산,샐러드용 ,샐러드 위에 뿌려 먹으려고 샀어요. 두루두루 쓰기 좋아요.,2020-07-08,2,사토리,39
855,6,빔스터,110년 전통 고다치즈 3종,재구매 ,고다치즈 너무 잘 먹었어서 이번에 또 샀어요,2020-09-03,4,빔스터,24
957,8,카스텔로,덴마크 브리 치즈,재재재재구매 ,샌드위치에 넣으면 풍미가 살아나요,2020-10-27,2,카스텔로,32
517,7,카스텔로,덴마크 까망베르 치즈,^^ ,사과 치즈 루꼴라 꿀 넣고 샌드위치해먹으면 굿♡,2020-10-25,2,카스텔로,32
770,2,안젤로,고르곤졸라 피칸테,맛있어요 ,퐁듀에 살짝넣어서 꿀이랑 같이 먹었는데 맛있네요^^,2020-09-17,13,안젤로,7
559,7,카스텔로,덴마크 까망베르 치즈,와인안주 ,가벼운 와인안주로 맛있습니다,2020-10-18,8,카스텔로,32
737,2,안젤로,고르곤졸라 피칸테,피자 ,피자에 얼려 먹으려고 주문,2020-10-07,2,안젤로,7
295,1,라 콘타디나,버팔로 모짜렐라,치즈 ,촉촉하고 아주 좋아요,2020-09-04,23,라 콘타디나,9
826,6,빔스터,110년 전통 고다치즈 3종,원래사먹어요 ,고소하니 풍미가있어요,2020-10-10,2,빔스터,24
696,10,앙트르몽,에멘탈 치즈,맛있어여 ,짜지 않고 어디에 다 어울려요,2020-09-24,9,앙트르몽,14
534,7,카스텔로,덴마크 까망베르 치즈,샌드위치용 ,으로 맛있게 사용했어요~,2020-10-22,3,카스텔로,32
508,7,카스텔로,덴마크 까망베르 치즈,빵과 함께 할 수 밖에 없는 제품! , 베이글에 발라먹으면 최고입니다ㅎㅎ,2020-10-28,1,카스텔로,32
908,8,카스텔로,덴마크 브리 치즈,좋아요 ,브리치즈 빵에넣고 녹여먹어요,2020-10-30,0,카스텔로,32
565,7,카스텔로,덴마크 까망베르 치즈,까망베르 ,먹기 간편해서 좋아요,2020-10-16,11,카스텔로,32
915,8,카스텔로,덴마크 브리 치즈,자주애용 ,치즈맛나요 좋아해요,2020-10-29,5,카스텔로,32
854,6,빔스터,110년 전통 고다치즈 3종,마시슴 ,치즈 플레이트 해먹음,2020-09-04,16,빔스터,24
44,0,퀘스크렘,블루치즈 크림치즈,맛있어뇨 ,불루치즈향이 그리 강하진 않은데 맛있어요,2020-08-28,3,퀘스크렘,0
380,5,사토리,사베치오 파마산,잘 , 받아서 요리에 썼어요,2020-07-22,6,사토리,39
754,2,안젤로,고르곤졸라 피칸테,고소한 풍미~~ ,고소해서 자주 사먹는데 쫌만 가격이 더 착했으면 ..ㅎ,2020-09-26,7,안젤로,7
381,5,사토리,사베치오 파마산,파스타나 샐러드에 ,리조또 해먹을때 치즈그레이터로 갈아서 넣었는데 풍미가 좋았어요~ 양도 넉넉해서 좋아요~,2020-07-20,7,사토리,39
63,0,퀘스크렘,블루치즈 크림치즈,기대중 ,아직 맛보지 못했는데 기대중입니당,2020-08-18,16,퀘스크렘,0
909,8,카스텔로,덴마크 브리 치즈,와인안주로딱 ,와인안주로 너무 좋아요,2020-10-30,1,카스텔로,32
739,2,안젤로,고르곤졸라 피칸테,고르곤졸라피자 ,피자 해먹는데 사용햇어요!ㅋ,2020-10-07,2,안젤로,7
981,8,카스텔로,덴마크 브리 치즈,재구매 ,브리치즈 좋아해서 종종 주문합니다,2020-10-26,3,카스텔로,32
494,3,콜롬보,리코타,굳 ,샐러드에 먹는데 탑 2안에 드는 것 같아요!,2020-10-18,8,콜롬보,28
112,4,사토리,헤리티지 체다,굿 ,고소하고 맛있어서 만족해요,2020-09-07,4,사토리,39
339,5,사토리,사베치오 파마산,파스타에 먹으려고 구매했어요... ,후기 좋아서 구매했어요....,2020-09-15,6,사토리,39
497,3,콜롬보,리코타,맛있어요 , 맛있어요~~~~~~,2020-10-18,1,콜롬보,28
317,5,사토리,사베치오 파마산,맛있네요. ,크림 파스타위에 뿌려 먹으면 풍미가 끝내줘요.,2020-10-09,5,사토리,39
55,0,퀘스크렘,블루치즈 크림치즈,블루치즈 ,생각보다 블루치즈향이 꽤 진한데 저는 그냥 그래요,2020-08-24,25,퀘스크렘,0
749,2,안젤로,고르곤졸라 피칸테,좋아요 ,고르곤졸라 피자 만들었어요 맛있어요,2020-09-30,9,안젤로,7
371,5,사토리,사베치오 파마산,재구매 ,샐러드에 뿌려도 좋아요,2020-07-30,3,사토리,39
343,5,사토리,사베치오 파마산,굿! ,"파스타, 감자튀김에 뿌려서 먹어요.",2020-09-08,17,사토리,39
27,0,퀘스크렘,블루치즈 크림치즈,블루 ,치즈 좋아해요 꼬리꼬리,2020-10-06,32,퀘스크렘,0
248,1,라 콘타디나,버팔로 모짜렐라,맛있어요 ,부드럽고 신선한 맛이에요,2020-09-23,2,라 콘타디나,9
323,5,사토리,사베치오 파마산,여러가지로 사용가능! ,"샐러드, 스프, 파스타 두루두루 올려먹고 있는데",2020-10-05,13,사토리,39
369,5,사토리,사베치오 파마산,파스타 ,파스타에 뿌려 먹었어요 너무 맛있네요~,2020-07-31,15,사토리,39
139,4,사토리,헤리티지 체다,아이들이 좋아해요 ,파스타나 샐러드에 그라나파다노 같은걸 갈아올려 먹는데 아이들이 보더니 자기들도 갈아달라고 하더라고요. 너무 숙성된건 향이 강할것 같아 이 체다로 갈아 올려주니 너무 맛있다고 좋아해서 안 떨어지게 사다놔요. ,2020-06-29,12,사토리,39
157,4,사토리,헤리티지 체다,체다라고 하기 어려울정도로 아주 많이 약해요 ,일반 체다보다는 맛이나 질감이 모짜렐라/스트링치즈에요,2020-03-23,25,사토리,39
600,10,앙트르몽,에멘탈 치즈,치즈 그러인더 ,그러인더에 갈아먹었어요,2020-10-28,6,앙트르몽,14
686,10,앙트르몽,에멘탈 치즈,에멘탈 ,맛있어서 자주 구매하는 치즈,2020-09-29,10,앙트르몽,14
652,10,앙트르몽,에멘탈 치즈,2번째 구입 ,치즈만 먹어도 맛있고,2020-10-12,16,앙트르몽,14
816,6,빔스터,110년 전통 고다치즈 3종,늘 먹는 치즈 ,제일 좋아하는 치즈예요,2020-10-20,2,빔스터,24
240,1,라 콘타디나,버팔로 모짜렐라,맛있어요 ,샐러드에 찢어서 먹으면 맛있어요,2020-09-27,16,라 콘타디나,9
128,4,사토리,헤리티지 체다,좋아요 ,부드럽고 맛있어요,2020-08-10,7,사토리,39
741,2,안젤로,고르곤졸라 피칸테,고르곤졸라 피자용 ,집에서 잘 해먹었네요,2020-10-06,7,안젤로,7
352,5,사토리,사베치오 파마산,치즈 주문이 두번째인데 ,또 안왔어요 또 이것만 빠져놓고 배송했다고..,2020-08-20,12,사토리,39
613,10,앙트르몽,에멘탈 치즈,쉰걸레 냄새 나요 ,쉰걸레 향이 입안에 너무 진해서 와인 맛을 못 느낄 정도입니다ㅠㅠ,2020-10-24,8,앙트르몽,14
201,1,라 콘타디나,버팔로 모짜렐라,맛있어요 ,무화과랑 찰떡궁합,2020-10-28,2,라 콘타디나,9
856,6,빔스터,110년 전통 고다치즈 3종,딸램 ,이 치즈 좋아해 사줬는데 맛있다네요,2020-09-03,10,빔스터,24
162,4,사토리,헤리티지 체다,좋아요.. 자주 주문하는 상품이예요. ,좋아요.. 자주 주문하는 상품이예요.,2020-03-14,4,사토리,39
103,4,사토리,헤리티지 체다,괜찮아요~ ,일반 치즈 보다 더 풍미가 있네요,2020-09-24,3,사토리,39
715,2,안젤로,고르곤졸라 피칸테,고르곤졸라 피자 ,에어프라이기에 고르곤졸라 피자 만들었습니다. 진하고 맛나요,2020-10-20,3,안젤로,7
859,6,빔스터,110년 전통 고다치즈 3종,고다 ,고다치즈 기댜되네요 와인안주,2020-09-01,4,빔스터,24
538,7,카스텔로,덴마크 까망베르 치즈,까망베르 ,매번 구매하고 있어요.,2020-10-22,6,카스텔로,32
57,0,퀘스크렘,블루치즈 크림치즈,좋아요 ,향이 진해서 좋아요,2020-08-21,17,퀘스크렘,0
518,7,카스텔로,덴마크 까망베르 치즈,^^ ,짭조름하고 고소해요#^,2020-10-25,2,카스텔로,32
610,10,앙트르몽,에멘탈 치즈,치즈 ,여러가지 치즈를 구입 중이에요,2020-10-25,12,앙트르몽,14
2,0,퀘스크렘,블루치즈 크림치즈,좋아요 ,많이 꼬릿꼬릿(?)하진 않아요~적당히 즐길수 있는 불루 치즈 맛입니다~~^^,2020-10-25,7,퀘스크렘,0
620,10,앙트르몽,에멘탈 치즈,구수한 에멘탈 치즈 덩어리 ,슬라이스가 아니라 덩어리 치즈라 갂둑썰긴로 작은 큐브로 만들어 크래커 위에 피클과 함께하는 와인 안주로 괜찮아요,2020-10-22,4,앙트르몽,14
795,2,안젤로,고르곤졸라 피칸테,고르곤졸라 ,고르곤졸라 피자해먹을예정,2020-09-04,21,안젤로,7
161,4,사토리,헤리티지 체다,와인이랑 ,같이먹기 적당하네요~~,2020-03-16,5,사토리,39
685,10,앙트르몽,에멘탈 치즈,생각보다 오래보관되고 맛보통 ,스파게티에 넣어먹으니 풍부한맛,2020-09-29,14,앙트르몽,14
102,4,사토리,헤리티지 체다,부담스럽지 않은 치즈 ,"다만, 좀 밍밍한 느낌이 있어요",2020-10-05,4,사토리,39
101,4,사토리,헤리티지 체다,늘 구매 ,잘랐을때 부서지지 않고 모양이 유지되어 샐러드 넣기 좋아요,2020-10-11,2,사토리,39
255,1,라 콘타디나,버팔로 모짜렐라,맛있네요~~ ,토마토랑 같이 샐러드 먹음. 맛있어요~~,2020-09-21,1,라 콘타디나,9
544,7,카스텔로,덴마크 까망베르 치즈,까망베르 치즈구이 ,치즈구이 해서 빵에 발라먹기 좋아요,2020-10-21,10,카스텔로,32
48,0,퀘스크렘,블루치즈 크림치즈,향 ,좋아요 콤콤 ♡,2020-08-26,4,퀘스크렘,0
130,4,사토리,헤리티지 체다,깔끔한 맛 ,사토리 치즈는 처음 구매했어요.,2020-08-06,5,사토리,39
989,8,카스텔로,덴마크 브리 치즈,사과브리치즈샌드위치!!! ,동네에서 제일 맛있는 바게트 사다가 사이에 홀머스터드 깔고!,2020-10-25,6,카스텔로,32
80,0,퀘스크렘,블루치즈 크림치즈,생각보다 깔끔한 맛 ,블루치즈라 엄청 꼬릿할줄 알았는데 살짝 꼬릿하면서 뒷맛은 깔끔하네요ㅎㅎ 맛이 강하지 않아서 크림치즈처럼 많이 발라먹을수 있겠네요~ 만족합니다,2020-08-12,4,퀘스크렘,0
231,1,라 콘타디나,버팔로 모짜렐라,아직안먹어봤지만 재료가 ,재료가 좋은거같고 평이좋네요,2020-10-03,7,라 콘타디나,9
459,3,콜롬보,리코타,담백한 리코타 ,담백한 리코타치즈에요,2020-10-21,13,콜롬보,28
745,2,안젤로,고르곤졸라 피칸테,좀 ,뻑뻑한 질감이지만 진한맛으로 만족,2020-10-05,8,안젤로,7
676,10,앙트르몽,에멘탈 치즈,맛있어요 ,맛있어요 샌드위치에 먹기 즇아요,2020-10-04,20,앙트르몽,14
54,0,퀘스크렘,블루치즈 크림치즈,좀 ,특이한 크림치즈를 찾다가 샀어요. 과일이랑 잘어울려요.,2020-08-24,4,퀘스크렘,0
828,6,빔스터,110년 전통 고다치즈 3종,맛있어요 ,정말 맛있습니다. 추천합니다,2020-10-06,5,빔스터,24
716,2,안젤로,고르곤졸라 피칸테,샐러드 ,"루꼴라, 샤인머스켓, 드라이드 크랜베리, 견과류와 함께",2020-10-19,4,안젤로,7
522,7,카스텔로,덴마크 까망베르 치즈,와인안주 ,아주 맛있어요 추천,2020-10-24,2,카스텔로,32
521,7,카스텔로,덴마크 까망베르 치즈,맛있어요~ ,와인에 먹으려고 샀어요~,2020-10-24,1,카스텔로,32
891,6,빔스터,110년 전통 고다치즈 3종,굳 ,엄청 진해서 전 그냥 그랬어요,2020-08-03,5,빔스터,24
226,1,라 콘타디나,버팔로 모짜렐라,맛있어요~ ,처음 시켜봤는데 맛있네요,2020-10-11,27,라 콘타디나,9
796,2,안젤로,고르곤졸라 피칸테,맛있음 ,파스타에 넣어먹으려고 샀는데 크림소스랑 섞었더니 그건 생각보다 별로임.. 그냥 과일에 얹어 먹으면 훨씬 맛있을듯!,2020-09-04,19,안젤로,7
223,1,라 콘타디나,버팔로 모짜렐라,맛있어요 ,약간 단단하긴해요!,2020-10-12,8,라 콘타디나,9
10,0,퀘스크렘,블루치즈 크림치즈,맛있어요 ,몽글몽글 질감이 아니에요. 식빵이나 베이글보다는 간식겸 안주겸 먹는 크래커에 더 어울리는 맛이에요.,2020-10-21,4,퀘스크렘,0
298,1,라 콘타디나,버팔로 모짜렐라,흠 ,버팔로 우유라고 해서 특별히 더 맛있는건 모르겠네요. 표면이 더 딱딱한 정도.,2020-09-03,8,라 콘타디나,9
291,1,라 콘타디나,버팔로 모짜렐라,너무 맛있어요 ,일반 모짜렐라 카우보다 더 부드러워요,2020-09-08,0,라 콘타디나,9
671,10,앙트르몽,에멘탈 치즈,맛있어요 ,신선하고 맛도 좋아요,2020-10-07,12,앙트르몽,14
276,1,라 콘타디나,버팔로 모짜렐라,원하던 맛이랑 조금 다름 ㅎㅎ ,따뜻해야 쫀득하고 맛있는거 같아요. 한시간 전에 꺼내놓으세요.,2020-09-14,18,라 콘타디나,9
308,5,사토리,사베치오 파마산,리뷰 ,리뷰 좋아서 파스타랑 피자에 올리려고 구매했어요,2020-10-17,11,사토리,39
393,5,사토리,사베치오 파마산,유통기한 넉넉 ,하고 좋네요 다 먹을 수 있겠어요,2020-07-07,14,사토리,39
712,2,안젤로,고르곤졸라 피칸테,샐러드에 ,"넣어먹는 용도로 좋아요, 꿀에찍어 와인 안주로 먹어도 맛있어요",2020-10-21,9,안젤로,7
679,10,앙트르몽,에멘탈 치즈,샌드위치에 ,양상추칼로 얇게 썰었어요 치즈나이프보다 더 쉽네욤,2020-10-02,14,앙트르몽,14
872,6,빔스터,110년 전통 고다치즈 3종,맛있어요 ,매주 재구매 하게 되네요,2020-08-24,2,빔스터,24
545,7,카스텔로,덴마크 까망베르 치즈,까망베르체고 ! ,저는브리보다 까망베르가 훨씬 좋더라구요,2020-10-20,2,카스텔로,32
197,4,사토리,헤리티지 체다,쓸일이 ,생각보다 많지는 않은데.. 뽀모 파스타 위에 갈아얹어 먹거나 사과랑 같이 먹어요,2019-11-23,19,사토리,39
752,2,안젤로,고르곤졸라 피칸테,또띠아피자 ,집에서 또띠아피자해먹으려고샀어요,2020-09-27,5,안젤로,7
354,5,사토리,사베치오 파마산,맛있어요 ,샐러드에 뿌려서 먹으니 풍미가 좋아서 더 맛있었어요.,2020-08-18,20,사토리,39
511,7,카스텔로,덴마크 까망베르 치즈,과일과 잘어울리는 은은한 치즈 ,신규회원 1000원 애플청포도랑 같이 먹을라고 샀어요,2020-10-27,5,카스텔로,32
192,4,사토리,헤리티지 체다,와인 안주로 좋아요 ,황태채위에 솔솔 뿌려 렌지에 살짝 돌려 먹으니 와인과 너무 잘 어울리네요.,2019-12-03,9,사토리,39
353,5,사토리,사베치오 파마산,집에 ,갈아주는 도구가 없어서 포크로 긁었는데 부드럽게 잘 갈리네요 ㅎ,2020-08-19,5,사토리,39
971,8,카스텔로,덴마크 브리 치즈,좋아요 ,좋아하는 브리가 세일이라 더 좋네요,2020-10-26,6,카스텔로,32
332,5,사토리,사베치오 파마산,추천받아 구매 ,치즈야 다 맛있지만 기대가 크네용,2020-09-20,12,사토리,39
717,2,안젤로,고르곤졸라 피칸테,맛있어요 ,피자해먹었어요~~향도좋고 맛있네요..,2020-10-19,4,안젤로,7
156,4,사토리,헤리티지 체다,다용도 ,그냥도 먹고 피자에 모짜렐라 플러스로,2020-04-03,22,사토리,39
785,2,안젤로,고르곤졸라 피칸테,"고르곤졸라., ",평소에 고르곤졸라..피자 좋아하는데..이번에 집에서 한번 만들어보려고 주문했습니다,2020-09-12,3,안젤로,7
631,10,앙트르몽,에멘탈 치즈,JMT ,맛있어요 샐러드 샌드위치 어디에든 잘어울림,2020-10-17,5,앙트르몽,14
454,3,콜롬보,리코타,뇨끼만들때 ,단호박 뇨끼를 만드는데 리코타 치즈를 넣어주면 식감이 좋아서 구매헀어요~~ 단호박 스프에 뇨끼 넣어서 먹으면 맛이 훌륭해요^^,2020-10-22,10,콜롬보,28
540,7,카스텔로,덴마크 까망베르 치즈,진해요 ,까망베르 치즈구이 해먹었어요,2020-10-21,0,카스텔로,32
351,5,사토리,사베치오 파마산,물건이 오지도 않았는데 배송완료네요 ,물건이 오지도 않았는데 배송완료네요,2020-08-21,5,사토리,39
780,2,안젤로,고르곤졸라 피칸테,굿 ,크림파스타 할때 먹으려구 삿어요,2020-09-14,11,안젤로,7
485,3,콜롬보,리코타,샐러드용 ,샐러드용으로 좋아요. 맛도 괜찮아요,2020-10-19,1,콜롬보,28
312,5,사토리,사베치오 파마산,오~~ ,오 ~~요거요거 맛있어요,2020-10-13,19,사토리,39
107,4,사토리,헤리티지 체다,이것도 맛있어여 ,저의 최애 술안주 치즈는 오뚜기 라망 스틱 노블치즈 인데 잘 안팔아요.. 그래서 찾다찾다 마켓컬리까지 왔는데..제맘속치즈보단 뒷맛이 덜 꼬소하지만 맛있어요,2020-09-13,3,사토리,39
743,2,안젤로,고르곤졸라 피칸테,맛있어요 ,생각외로 크네요. 향이 진한데 맛있어요,2020-10-06,4,안젤로,7
431,3,콜롬보,리코타,묽어요 ,꾸덕할 줄 알았는데 생각보다 묽어요,2020-10-26,12,콜롬보,28
164,4,사토리,헤리티지 체다,알리오올리오 파스타 ,파스타 위에 치즈를 갈아서 올려 먹었어요. ,2020-03-02,17,사토리,39
104,4,사토리,헤리티지 체다,너무 맛있어요 ,그냥 밋밋 한 이름만 체다 치즈인것과는 확연히 달라요. 안주로도 샌드위치에도 언제나 최고입니다,2020-09-21,2,사토리,39
170,4,사토리,헤리티지 체다,괜찮아요 ,담백하게 먹기 좋습니다. 식빵위에 올리고 토스트기에 구워 따뜻하게 먹으면 한끼 식사로 좋습니다,2020-02-17,9,사토리,39
689,10,앙트르몽,에멘탈 치즈,슬라이스가 아니네요 ,그 부분은 아쉽지만 맛있어요,2020-09-27,21,앙트르몽,14
641,10,앙트르몽,에멘탈 치즈,구워먹어도 맛있어요 ,에멘탈 치즈 구워서,2020-10-15,15,앙트르몽,14
735,2,안젤로,고르곤졸라 피칸테,굿 ,베이킹용 요리용 좋아요ㅔㅗ,2020-10-07,1,안젤로,7
34,0,퀘스크렘,블루치즈 크림치즈,별로에요ㅠ ,먹다가 느끼해서 한 번 먹고 버렸어요ㅜㅜㅜㅜㅜㅜㅜㅜ,2020-09-07,34,퀘스크렘,0
703,2,안젤로,고르곤졸라 피칸테,고르곤졸라 ,굿 좋아요 요리하려고 간만에 샀어요,2020-10-28,2,안젤로,7
664,10,앙트르몽,에멘탈 치즈,치즈 ,샌드위치에 넣어 먹었어요 맛있어요,2020-10-09,12,앙트르몽,14
546,7,카스텔로,덴마크 까망베르 치즈,레이디버그에 나오는 까망베르치즈 ,아이들이 즐겨보는 만화에 나오는 그 까망베르 치즈.맛나대요,2020-10-20,5,카스텔로,32
684,10,앙트르몽,에멘탈 치즈,맛있어요 ,아침에 빵과 함께 먹기에 좋습니다,2020-09-30,9,앙트르몽,14
930,8,카스텔로,덴마크 브리 치즈,굿 ,세일할때 사서 좋아요,2020-10-29,4,카스텔로,32
798,2,안젤로,고르곤졸라 피칸테,좋아요 ,꼬리한 냄새가 제법 나네요,2020-09-03,5,안젤로,7
412,3,콜롬보,리코타,리코타 ,샐러드에 넣어먹음 마싯을거같애서 비싸도삿어여,2020-10-28,6,콜롬보,28
583,7,카스텔로,덴마크 까망베르 치즈,존맛 ,이거 외 않ㅅㅏ??,2020-10-08,9,카스텔로,32
95,0,퀘스크렘,블루치즈 크림치즈,꼬릿한 향 ,향도 맛도 강하고 맛있어요^^,2020-07-21,5,퀘스크렘,0
469,3,콜롬보,리코타,좋아요. ,아직 개봉전이지만 리코타는 진리죠.,2020-10-20,7,콜롬보,28
324,5,사토리,사베치오 파마산,파마샄 ,파마산 치즈는 음식 안에 넣어서 촵,2020-10-01,3,사토리,39
177,4,사토리,헤리티지 체다,사랑에 빠졌어요 ,전 숙성체다 좋아하는데 와 이거 진짜 너무 맛있어요,2020-01-31,16,사토리,39
378,5,사토리,사베치오 파마산,파마산 ,깊고 진한 파마산 치즈,2020-07-26,5,사토리,39
844,6,빔스터,110년 전통 고다치즈 3종,짱 ,맛있어요.멈추기 힘듬ㅠ,2020-09-10,9,빔스터,24
840,6,빔스터,110년 전통 고다치즈 3종,진해요 ,진짜 찐해요 추천합니다,2020-09-16,5,빔스터,24
673,10,앙트르몽,에멘탈 치즈,에멘탈 ,최애치즈입니다 강추,2020-10-06,15,앙트르몽,14
31,0,퀘스크렘,블루치즈 크림치즈,블루치즈 ,더꼬리하고 진할줄알았는데,2020-09-13,44,퀘스크렘,0
138,4,사토리,헤리티지 체다,가격은 좀 있지만 맛은 굿~ ,가격은 좀 있지만 맛있어요~~ 샐러드에 먹으니 잘 어울려요~,2020-07-14,6,사토리,39
761,2,안젤로,고르곤졸라 피칸테,집에서 또띠야 피자용으로 ,고르곤졸라 또띠야 피자 만들기 위해,2020-09-23,4,안젤로,7
836,6,빔스터,110년 전통 고다치즈 3종,기본으로 사봤어요 ,저번에 에이지드 맛있게 먹어서 이번에 그냥 고다 사봤습니다. 이것 또한 맛있는데 요리에 넣어 먹을 때는 감칠맛이 확실히 덜 하네요. 샌드위치나 안주로 먹는 용으로 좋은 것 같아요.,2020-09-22,7,빔스터,24
810,6,빔스터,110년 전통 고다치즈 3종,맛있어요 ,외인안주로 간식으로 좋아요,2020-10-21,2,빔스터,24
932,8,카스텔로,덴마크 브리 치즈,좋아요 ,부드럽고 고소해요~,2020-10-29,6,카스텔로,32
834,6,빔스터,110년 전통 고다치즈 3종,맛있어요 ,지인들과 와인에 먹었는데,2020-09-23,5,빔스터,24
550,7,카스텔로,덴마크 까망베르 치즈,맛있어요 ,맛있어요~~ >_<,2020-10-19,3,카스텔로,32
410,3,콜롬보,리코타,맛있어요 ,맛있어요. 샐러드 위에 토핑해서 먹었는데 맛있네요,2020-10-29,0,콜롬보,28
262,1,라 콘타디나,버팔로 모짜렐라,맛있어요 ,맛있게 잘 먹었습니다.~~,2020-09-17,1,라 콘타디나,9
328,5,사토리,사베치오 파마산,파마산 ,파마산 치즈 맛있어요~,2020-09-25,8,사토리,39
987,8,카스텔로,덴마크 브리 치즈,굿굿 ,사과브리치즈 샌드위치 자주 해먹는데 사과랑도 잘 어울리고 햄이랑도 잘어울리구 그냥먹어도 맛나요,2020-10-25,4,카스텔로,32
302,5,사토리,사베치오 파마산,배보다.. ,이거 먹으려고 삿다가 그라인더를 사게됬지만 좋아요,2020-10-23,8,사토리,39
880,6,빔스터,110년 전통 고다치즈 3종,치즈 초보에게는 안맞아요 ,맨입에도 맛있게 먹을 수 있는 취향에 맞는 치즈를 찾으려고 이것저것 주문해보는데 초보인 저는 이 치즈도 요리에 넣어 먹어야 겠습니다 ㅋㅋ 요거트 맛이 나기도 하고 견과류 맛도 나는데 향이 너무 치즈치즈 합니다 ㅠㅠ,2020-08-17,18,빔스터,24
997,8,카스텔로,덴마크 브리 치즈,첫구매 ,와인안주로구매해밧어용,2020-10-24,0,카스텔로,32
391,5,사토리,사베치오 파마산,담백 ,담백하고 많이 짜지 않고 너무 맛있네요,2020-07-10,6,사토리,39
986,8,카스텔로,덴마크 브리 치즈,맛있어서 ,재구매했어요,2020-10-25,3,카스텔로,32
794,2,안젤로,고르곤졸라 피칸테,굳 ,모노치즈 허니고르곤졸라 샌드위치가 넘 먹고싶어서 구입했는데 맛있어요 딱 그맛이에요,2020-09-04,15,안젤로,7
807,6,빔스터,110년 전통 고다치즈 3종,재구매해요 ,심심할때 먹으면 맛있어요 짭짤하고 고소해요,2020-10-25,6,빔스터,24
163,4,사토리,헤리티지 체다,체다치즈 ,부드럽고 맛있는 체다치즈에요,2020-03-13,11,사토리,39
140,4,사토리,헤리티지 체다,누가 먹어도 맛있는 부드러운 치즈 ,아이가 너무 좋아해서 자꾸만 사래요 ㅎㅎ 리조또 위에 뿌려주면 너무 잘먹어요. 샐러드에도 팍팍~,2020-06-24,12,사토리,39
911,8,카스텔로,덴마크 브리 치즈,브리치즈 너무 좋아용 ,올리브랑 놓고 같이 먹으면 최고,2020-10-30,1,카스텔로,32
478,3,콜롬보,리코타,푸글리제보다 ,조금더 크리미한 맛이고 벨지오이오소보다는 덜 기름져요 푸글리제가 가장 신선한 우유의 맛에 가깝게 느껴짐,2020-10-20,6,콜롬보,28
399,5,사토리,사베치오 파마산,후기 ,가 좋아서 구입 비싸지만 맛있겠죠?,2020-06-30,14,사토리,39
108,4,사토리,헤리티지 체다,맛있어요. ,와인안주로 먹어요.,2020-09-13,2,사토리,39
894,6,빔스터,110년 전통 고다치즈 3종,맛있어요 ,맛이 진하고 맛있어요,2020-07-30,0,빔스터,24
274,1,라 콘타디나,버팔로 모짜렐라,셀러드 ,야채와하몽,2020-09-15,6,라 콘타디나,9
357,5,사토리,사베치오 파마산,중독될꺼 같아요 ,예전에 여행하면서 먹었던 생각이 나서,2020-08-13,26,사토리,39
23,0,퀘스크렘,블루치즈 크림치즈,맛있어요 ,정말 맛있어요 계속 먹게되어요,2020-10-10,32,퀘스크렘,0
808,6,빔스터,110년 전통 고다치즈 3종,고다치즈 무난하니 괜찮네요 ,치즈를 잘 먹는 편은 아닌데 첨 도전해봤어요. ,2020-10-25,6,빔스터,24
787,2,안젤로,고르곤졸라 피칸테,스파게티 ,넣으려구 샀어요 꾸덕한크림스파게티 좋아하거든욤,2020-09-10,15,안젤로,7
389,5,사토리,사베치오 파마산,파마산 ,파마산 이번에 처음 구매했어요,2020-07-12,5,사토리,39
913,8,카스텔로,덴마크 브리 치즈,브리 치즈 구매 ,저 스웨덴 살때 자주 먹던건데 ㅎㅎ 스웨덴껀 없어서 옆나라 덴마크 브리치즈 샀어요 여기서 만나네요! 와인이랑 먹으면 맛나요,2020-10-29,2,카스텔로,32
75,0,퀘스크렘,블루치즈 크림치즈,후기 ,블루치즈 크림치즈는 첨이라 기대해요,2020-08-14,10,퀘스크렘,0
340,5,사토리,사베치오 파마산,맛있어요 ,파스타 해먹을 때 마지막에 꼭 뿌려줘요. 너무 맛있어요.,2020-09-13,7,사토리,39
515,7,카스텔로,덴마크 까망베르 치즈,맛있어요 ,치즈는 사랑♡ 좋아요,2020-10-26,7,카스텔로,32
447,3,콜롬보,리코타,담백 ,담백하고 맛있군요. 재구매 예정.,2020-10-24,5,콜롬보,28
345,5,사토리,사베치오 파마산,사베치오 파마산치즈 ,어디에 곁들여도 맛있어요.,2020-09-02,8,사토리,39
763,2,안젤로,고르곤졸라 피칸테,치즈 ,치즈를 손쉽게 구할 수 있어 너무 편하고 좋아요 다 먹으면 재구매하겠습니다,2020-09-22,4,안젤로,7
20,0,퀘스크렘,블루치즈 크림치즈,재구매 ,블루치즈향 심하지않아요.,2020-10-14,28,퀘스크렘,0
14,0,퀘스크렘,블루치즈 크림치즈,맛있어요 ,크림치즈는 사랑입니다,2020-10-19,8,퀘스크렘,0
635,10,앙트르몽,에멘탈 치즈,치즈 ,아이들이 좋아하는 치즈라 자주 구매합니다.,2020-10-15,11,앙트르몽,14
503,7,카스텔로,덴마크 까망베르 치즈,만족 ,유통기한 넉넉하네요. 기대됩니다.,2020-10-28,4,카스텔로,32
29,0,퀘스크렘,블루치즈 크림치즈,꼬리꼬리 취향저격!!! ,후기에 꼬리꼬리한 치즈 좋아하면 무조건 사란 글 보고 망설임없이 구매!!’ 정말 취향저격이요!!! 이어 아이비나 참크레커 같은데 발라 먹음 와인 안주로 최고예요!!!!!,2020-09-16,67,퀘스크렘,0
567,7,카스텔로,덴마크 까망베르 치즈,세일 ,하길래 브리 먹어보고 괜찮아서 까망베르 한번 사봤어요~,2020-10-16,4,카스텔로,32
920,8,카스텔로,덴마크 브리 치즈,맛있어요 ,브리치즈는 브랜드 상관없이 다 맛있는 것 같아요,2020-10-29,0,카스텔로,32
672,10,앙트르몽,에멘탈 치즈,괜찮아요 ,딱 샌드위치 생각나는 맛이예요. 샌드위치 만들때 넣으면 아주 맛날듯,2020-10-06,13,앙트르몽,14
284,1,라 콘타디나,버팔로 모짜렐라,요것도 부라타 대용으로 좋아요 ,부라타 매번 품절이라 구매했는데 너무 괜찮은거 있죠,2020-09-12,4,라 콘타디나,9
490,3,콜롬보,리코타,음 ,괜찮은 것 같아요!,2020-10-19,3,콜롬보,28
115,4,사토리,헤리티지 체다,맛있어요. ,물론 너무 비싸요. 하지만 이 치즈가 빠진 샌드위치는 상상할수 없어요,2020-09-04,4,사토리,39
42,0,퀘스크렘,블루치즈 크림치즈,오묘한 블루치즈의 맛 ,크래커에 발라 먹으면 오묘한 맛에 서서히 중독됩니다,2020-08-30,7,퀘스크렘,0
629,10,앙트르몽,에멘탈 치즈,갓성비 ,"가성비 좋고, 맛도 좋아요~",2020-10-19,17,앙트르몽,14
439,3,콜롬보,리코타,모르겠어요 ,리코타치즈 자체를 무슨맛으로 먹는지 모르겠어요ㅠㅠ,2020-10-25,14,콜롬보,28
285,1,라 콘타디나,버팔로 모짜렐라,향이 다르긴 하네요 ,버팔로 향이 일반 우유 모짜렐라랑 다르긴 하네요. 전 일반 모짜렐라가 더 취향이긴 합니다. 부라타같은 느낌으로 먹었어요.,2020-09-11,23,라 콘타디나,9
681,10,앙트르몽,에멘탈 치즈,좋아요 ,값이 저렴해서 부담없이 요리에 사용하기 좋아요,2020-10-02,1,앙트르몽,14
790,2,안젤로,고르곤졸라 피칸테,안젤로 고르곤졸라 ,참 맛있습니다 피자했죠,2020-09-07,12,안젤로,7
990,8,카스텔로,덴마크 브리 치즈,잘 받았습니다 ,이번 상품은 신선함이 떨어지네요,2020-10-25,0,카스텔로,32
247,1,라 콘타디나,버팔로 모짜렐라,부드러워요 ,다른 모짜렐라보다 가운데 부분이 부드러워서 샐러드에 통째로 올려서 나이프로 잘라서 먹어도 괜찮습니다,2020-09-23,18,라 콘타디나,9
710,2,안젤로,고르곤졸라 피칸테,좋아요 ,진작 살걸 컬리에서 판매하는 줄 몰랐어요,2020-10-21,5,안젤로,7
985,8,카스텔로,덴마크 브리 치즈,맛있어요 ,맛있습니다 쫀득쫀득,2020-10-25,5,카스텔로,32
869,6,빔스터,110년 전통 고다치즈 3종,맛있어요 ,와인 안주로 부담없이 먹기 좋아요 무난무난,2020-08-26,10,빔스터,24
148,4,사토리,헤리티지 체다,사토리는 처음 이지만 ,처음 주문하지만 워낙,2020-05-22,16,사토리,39
788,2,안젤로,고르곤졸라 피칸테,맛있어요 ,크래커랑 먹으니까 맛있네요.,2020-09-10,19,안젤로,7
273,1,라 콘타디나,버팔로 모짜렐라,맛있어요 ,샐러드랑 피자에 토핑했는데 맛있어서 잘먹네요,2020-09-15,10,라 콘타디나,9
212,1,라 콘타디나,버팔로 모짜렐라,고소한듯 ,너무 물컹하지 않고 적당히 씹히는 느낌도 있고 고소한듯,2020-10-20,11,라 콘타디나,9
243,1,라 콘타디나,버팔로 모짜렐라,맛 ,토마토랑 카프레제 해먹으려고 구매~ 맛있어요,2020-09-24,5,라 콘타디나,9
933,8,카스텔로,덴마크 브리 치즈,맛있어요 ,브리는 진짜 그냥 넘 맛있어요,2020-10-29,0,카스텔로,32
264,1,라 콘타디나,버팔로 모짜렐라,맛잇어요 ,언제나 만족합니다 재구매,2020-09-17,2,라 콘타디나,9
786,2,안젤로,고르곤졸라 피칸테,곰팡이 괜찮은건지 ,이런 미세한 곰팡이가 퍼져 있는데 괜찮은건가요?,2020-09-10,22,안젤로,7
134,4,사토리,헤리티지 체다,좋아요 ,와인안주로 잘먹었어요,2020-08-02,4,사토리,39
506,7,카스텔로,덴마크 까망베르 치즈,제맘에 쏙들어요. ,안짜고 맛있어요 ㅎㅎ,2020-10-28,1,카스텔로,32
995,8,카스텔로,덴마크 브리 치즈,샐러드용 ,과일과 샐러드 해먹어도 좋아요~ 발사믹과 잘 어울립니다,2020-10-25,1,카스텔로,32
954,8,카스텔로,덴마크 브리 치즈,부드러워요 ,간식으로 먹기조아요 ㅎㅎ,2020-10-28,0,카스텔로,32
349,5,사토리,사베치오 파마산,두번째 ,시켜요 ㅎㅎ 파스타 같은데 위에 뿌려먹음 진짜 맛나요 그냥 조각 내서 먹어도 굳굳,2020-08-25,17,사토리,39
899,6,빔스터,110년 전통 고다치즈 3종, 재주문합니다. ,맛있어서 여러 가지로 활용하기 좋습니다.,2020-07-26,5,빔스터,24
367,5,사토리,사베치오 파마산,넘 맛있어요 ,파마산 처음으로 하드치즈 사봤는데 완전 만족합니다. 맛있어요.,2020-07-31,27,사토리,39
514,7,카스텔로,덴마크 까망베르 치즈,저렴히 ,구매했는데 맛있겠죠,2020-10-26,7,카스텔로,32
941,8,카스텔로,덴마크 브리 치즈,치즈 ,브리치즈,2020-10-28,1,카스텔로,32
637,10,앙트르몽,에멘탈 치즈,치즈 ,에멘탈 치즈 맛있습니다.,2020-10-15,16,앙트르몽,14
809,6,빔스터,110년 전통 고다치즈 3종,좋아요 ,처음엔 좀 밋밋한줄 알았는데 깊은 맛도 있고 좋습니다 오늘 재미구했어요,2020-10-24,1,빔스터,24
142,4,사토리,헤리티지 체다,누구나 좋아할 맛 ㅎㅎ ,"적당한 염도에 농축된 치즈맛, 맛있습니다.",2020-06-16,10,사토리,39
450,3,콜롬보,리코타,그럭저럭 ,무화과랑 같이.먹었어요~,2020-10-23,3,콜롬보,28
425,3,콜롬보,리코타,좋아요 ,무화과 샐러드에 곁들여 먹엇는데 손님들이 많있다고 브랜드 물어보셔서 홍보 많이 해드렸내요,2020-10-27,7,콜롬보,28
472,3,콜롬보,리코타,가지말이 ,할때먹었어요 맛나요,2020-10-20,6,콜롬보,28
976,8,카스텔로,덴마크 브리 치즈,브리치즈 ,토마토에 넣어먹으니 너무 맛잇어용,2020-10-26,6,카스텔로,32
523,7,카스텔로,덴마크 까망베르 치즈,재구매 ,세일할때 추가 구매했어요!,2020-10-24,2,카스텔로,32
585,7,카스텔로,덴마크 까망베르 치즈,까망베르 ,오래만에 주문하여 맛을 보니 그리웠도다.,2020-10-07,12,카스텔로,32
423,3,콜롬보,리코타,좋아요 ,리코타 샐러드로 맛있게 잘 먹었어요,2020-10-27,0,콜롬보,28
184,4,사토리,헤리티지 체다,와인과 함께하기에 최고입니다. ,자주 이용하겠습니다.,2020-01-02,4,사토리,39
160,4,사토리,헤리티지 체다,맛있어요 ,체다치즈 후기보고 구매했는데 맛있네요.,2020-03-16,10,사토리,39
21,0,퀘스크렘,블루치즈 크림치즈,진한 크림치즈 ,컬리에서 산 픽어베이글 + 아보카도랑 같이 먹었어요,2020-10-13,27,퀘스크렘,0
204,1,라 콘타디나,버팔로 모짜렐라,샐러드에 곁들여먹으려고요 ,신선해보여 좋아요 토마토랑 먹을거에요,2020-10-25,20,라 콘타디나,9
728,2,안젤로,고르곤졸라 피칸테,꿀과 함께라면 ,"피곤한 주말오후 나만의 여유를 느끼고 싶을때, 고르곤졸라 치즈를 향긋한 꿀에 살짝찍어 화이트와인 한모금 하세요. 너무 맛나고 행복해요.",2020-10-10,7,안젤로,7
491,3,콜롬보,리코타,샐러드에~ ,먹기 적당하고 맛난 치즈에요,2020-10-18,13,콜롬보,28
408,3,콜롬보,리코타,아쉽 ,많이 묽어요ㅠㅠ 꾸덕한걸로 찾아봐야겟어요 다시,2020-10-29,11,콜롬보,28
626,10,앙트르몽,에멘탈 치즈,그릴드 치즈 ,하려고 샀는데 그냥도 무난해서 자꾸 집어먹음.,2020-10-20,9,앙트르몽,14
593,7,카스텔로,덴마크 까망베르 치즈,만족 ,와인 안주나 바게트와 안성맞춤! 맛나요~,2020-10-05,12,카스텔로,32
705,2,안젤로,고르곤졸라 피칸테,쿰쿰한 ,향과 짭조름한 맛이 매력이에요. 고르곤졸라 피자 만들어먹으려고 샀어요. 약간씩만 사용하니 소분 냉동해놓고 오래 먹어요,2020-10-27,5,안젤로,7
665,10,앙트르몽,에멘탈 치즈,기대되네요 ,아직 맛보기전이지만 기대되네요,2020-10-09,9,앙트르몽,14
253,1,라 콘타디나,버팔로 모짜렐라,존맛... ,사세요 꼭사세요!! 카프레제 해먹음 좋아요,2020-09-21,1,라 콘타디나,9
963,8,카스텔로,덴마크 브리 치즈,소스만들려고 ,소스만들려고 산 브리치즈,2020-10-27,9,카스텔로,32
437,3,콜롬보,리코타,조아요 ,고소하구 맛있어용 ~~,2020-10-26,7,콜롬보,28
25,0,퀘스크렘,블루치즈 크림치즈,첫 구매 ,맛있으면 좋겠어요~~,2020-10-08,6,퀘스크렘,0
953,8,카스텔로,덴마크 브리 치즈,굿 ,브리치즈 좋아하는데 좋아요,2020-10-28,7,카스텔로,32
180,4,사토리,헤리티지 체다,재구매 ,재구매 하려고 들어왔다가 ,2020-01-20,8,사토리,39
493,3,콜롬보,리코타,맛있어요 ,맛 괜찮네요 부드러워요,2020-10-18,1,콜롬보,28
897,6,빔스터,110년 전통 고다치즈 3종,항상 ,고다는 옳죠!! 고다 맛나요,2020-07-29,1,빔스터,24
890,6,빔스터,110년 전통 고다치즈 3종,좋아요 ,항상 배송도 빠르고 편리해요,2020-08-04,8,빔스터,24
642,10,앙트르몽,에멘탈 치즈,와인안주 ,맛있었어요 ! 여러가지 치즈랑 함께 먹었어요 !,2020-10-14,6,앙트르몽,14
305,5,사토리,사베치오 파마산,맛있을듯요 ,파마산 갈아서 리조또해먹으려구요ㅎㅎ기대되요,2020-10-21,10,사토리,39
858,6,빔스터,110년 전통 고다치즈 3종,와인과 ,먹으려고 구매햇어요,2020-09-02,14,빔스터,24
271,1,라 콘타디나,버팔로 모짜렐라,넘 맛잇어요 ,맛있게 먹었어요 또 구매,2020-09-15,1,라 콘타디나,9
116,4,사토리,헤리티지 체다,진하네요 ,다 맛있어요 헤리티지는 깊은듯 얕은 맛,2020-09-04,6,사토리,39
251,1,라 콘타디나,버팔로 모짜렐라,맛있어요 ,셀러드에,2020-09-22,11,라 콘타디나,9
379,5,사토리,사베치오 파마산,사토리 ,다맛있어요 늘 구매,2020-07-23,20,사토리,39
179,4,사토리,헤리티지 체다,아직먹기전이요 ,아직먹기전이지만 맛있을듯 합니다,2020-01-23,1,사토리,39
653,10,앙트르몽,에멘탈 치즈,에멘탈치즈 ,가격도 저렴한데 맛있어용! 재구매해요,2020-10-11,16,앙트르몽,14
647,10,앙트르몽,에멘탈 치즈,치즈 ,앙트르몽 에멘탈 치즈,2020-10-13,7,앙트르몽,14
596,7,카스텔로,덴마크 까망베르 치즈,오 징짜 맛있네예.. ,일단 비주얼부터 너모 예뻐요 ,2020-10-05,1,카스텔로,32
87,0,퀘스크렘,블루치즈 크림치즈,마성의 꼬리함 ,베이글과 함께. 블루치즈 좋아해서 맛있었어요.,2020-08-02,13,퀘스크렘,0
461,3,콜롬보,리코타,최고! ,그냥먹어도 맛있지만,2020-10-21,9,콜롬보,28
832,6,빔스터,110년 전통 고다치즈 3종,재구매 ,한번 시험삼아 사봣는데 맛있더라구여,2020-09-29,11,빔스터,24
362,5,사토리,사베치오 파마산,파스타 ,"샐러드, 파스타에 넣으면 고소하고 맛있어요",2020-08-10,5,사토리,39
387,5,사토리,사베치오 파마산,맛나요 ,샐러드에 뿌려먹으면 너무 좋아요,2020-07-14,11,사토리,39
417,3,콜롬보,리코타,첫 구매 ,콜롬보 리코타치즈는 처음 구매해봤는데...,2020-10-28,12,콜롬보,28
278,1,라 콘타디나,버팔로 모짜렐라,맛있어요 ,가격만 저렴하면 자주 사먹고 싶어요 ㅎ,2020-09-13,17,라 콘타디나,9
430,3,콜롬보,리코타,두부 식감 ,푸글리제 품절이라 이거 시켜 봤거든요. 개인적으로 부드러운 게 좋은데 이건 약간 순두부 식감이에요. 맛도 밍밍하고요.,2020-10-26,3,콜롬보,28
764,2,안젤로,고르곤졸라 피칸테,고르곤졸라 피자 ,또띠아애 고르곤졸라 피자 해먹으려고 샀어요,2020-09-21,5,안젤로,7
158,4,사토리,헤리티지 체다,진짜 맛있어요 ,샐러드에 넣기 딱 좋아서 자주 구매해요,2020-03-19,22,사토리,39
261,1,라 콘타디나,버팔로 모짜렐라,유통기한이 생각보다 더 짧네영 ,맛있을 것 같아영 ㄱ대돼요,2020-09-18,6,라 콘타디나,9
347,5,사토리,사베치오 파마산,고소합니다 ,사토리치즈는 와인안주최고,2020-08-30,14,사토리,39
919,8,카스텔로,덴마크 브리 치즈,샌드위치용! ,샌드위치 해먹기 좋아요,2020-10-29,2,카스텔로,32
320,5,사토리,사베치오 파마산,조아요 ,파스타에 후두두 뿌려먹으니 굿,2020-10-06,3,사토리,39
993,8,카스텔로,덴마크 브리 치즈,담백 ,하고 맛있네요 부드러워요,2020-10-25,3,카스텔로,32
409,3,콜롬보,리코타,먹어보고 ,리코타치즈 먹어보고 싶어서 샀어요 맛있음 또 구매할게요,2020-10-29,7,콜롬보,28
757,2,안젤로,고르곤졸라 피칸테,고르곤졸라 ,고르곤졸라 크림파스타 꿀맛,2020-09-25,8,안젤로,7
722,2,안젤로,고르곤졸라 피칸테,좋아요. ,샐러드 만들때 자주 사용해요,2020-10-15,2,안젤로,7
970,8,카스텔로,덴마크 브리 치즈,좋아요 ,사과브리치즈 샌드위치 해먹으려고 샀어요 넘 맛있어요,2020-10-26,0,카스텔로,32
778,2,안젤로,고르곤졸라 피칸테,맛있어요 ,치즈 너무 좋아하는데 맛있어요! 크래커랑 청포도랑 먹으니 더 꿀맛,2020-09-14,5,안젤로,7
445,3,콜롬보,리코타,별루 ㅠㅠ ,식감이 다른 리코타보다 물컹한 순두부 같아요 ㅠㅠ,2020-10-25,5,콜롬보,28
168,4,사토리,헤리티지 체다,스파게티 ,스파게티에 뿌려 먹기에 부담스럽지않아요,2020-02-19,6,사토리,39
385,5,사토리,사베치오 파마산,좋아요 ,고기 풍미를 한껏 끌어올려 주네요 ,2020-07-16,5,사토리,39
947,8,카스텔로,덴마크 브리 치즈,와인과 ,와인에 따악~ 괜찮은편이에요,2020-10-28,1,카스텔로,32
366,5,사토리,사베치오 파마산,좋아요 ,김치볶음밥에도 갈아서 막 넣러먹어요 풍미젛아요,2020-08-03,22,사토리,39
935,8,카스텔로,덴마크 브리 치즈,생각보다 쪼그맣네요 ,와인이랑 브리치즈구이해먹어보려고 샀어요 그런데샌드위치로해먹어도 맛있다고해서 둘다해먹어보려구요 기대되네요^^,2020-10-29,9,카스텔로,32
775,2,안젤로,고르곤졸라 피칸테,고르곤졸라 ,피자만들때 얹어보려고 구매했어요,2020-09-15,11,안젤로,7
386,5,사토리,사베치오 파마산,정통 까르보나라 소스 만들때 딱이에요 ,갈린것보다 풍미가 훨씬 살아요,2020-07-15,8,사토리,39
480,3,콜롬보,리코타,기대 ,아직 안먹었는디 기대중이요,2020-10-20,1,콜롬보,28
93,0,퀘스크렘,블루치즈 크림치즈,꼬리한 블루치즈 ,아웃백 블루치즈 소스를 생각하며 샀다,2020-07-23,11,퀘스크렘,0
24,0,퀘스크렘,블루치즈 크림치즈,ㅎ ,꼬릿한치즈좋아하는데 기대중이에용,2020-10-09,17,퀘스크렘,0
815,6,빔스터,110년 전통 고다치즈 3종,고소해요 ,깊고 고소한맛이에용,2020-10-20,7,빔스터,24
533,7,카스텔로,덴마크 까망베르 치즈,굿 ,맛있어서 자주 구매,2020-10-23,0,카스텔로,32
356,5,사토리,사베치오 파마산,맛있어요 ,뇨끼 위에 판에 갈아서(? 뿌려 먹었는데 딱 좋았어요,2020-08-14,17,사토리,39
516,7,카스텔로,덴마크 까망베르 치즈,와인 안주 ,오븐에 구워서 꿀 뿌려서 먹는데 1분에 순삭이네요,2020-10-25,6,카스텔로,32
853,6,빔스터,110년 전통 고다치즈 3종,고다치즈 ,최근에 주문한 고다 치즈 중 제일 맛있게 먹었어요. 진해요.,2020-09-05,1,빔스터,24
181,4,사토리,헤리티지 체다,고소해요 ,부드러운 맛이에요.,2020-01-15,3,사토리,39
155,4,사토리,헤리티지 체다,맛있어요 ,너무 짜지도 않고 맛있어요,2020-04-16,2,사토리,39
288,1,라 콘타디나,버팔로 모짜렐라,마쉿다 ,비싸가지고 하나로 반띵 해서 먹음 ㅠ 마쉿어요,2020-09-10,16,라 콘타디나,9
867,6,빔스터,110년 전통 고다치즈 3종,찐 고다맛 ,짭쪼름하고 깊은 맛 괜찮았어요 술안주로 먹었습니당,2020-08-29,5,빔스터,24
536,7,카스텔로,덴마크 까망베르 치즈,와인안주 ,까망베르 치즈 좋아하는데 아직 맛은 모르겠지만 조만간 와인에?,2020-10-22,4,카스텔로,32
638,10,앙트르몽,에멘탈 치즈,치즈 ,에멘탈 치즈 맛있습니다,2020-10-15,12,앙트르몽,14
604,10,앙트르몽,에멘탈 치즈,고소해요 ,조금 쿰쿰해요 하지만 맛남,2020-10-26,13,앙트르몽,14
677,10,앙트르몽,에멘탈 치즈,샐러드 샌드위치용 ,"풍미가 아주 진하진 않지만, 빵이나 또띠아에 살짝 열을 가해서 녹여 먹으니 맛있어요!",2020-10-03,11,앙트르몽,14
736,2,안젤로,고르곤졸라 피칸테,다른 곳보다 저렴해요 ,마트보다 싸네요 피자 만들어 먹기 좋아요,2020-10-07,6,안젤로,7
406,3,콜롬보,리코타,추천 ,마리네이드한 토마토랑 먹었는데 아주 맛있었어요,2020-10-29,4,콜롬보,28
297,1,라 콘타디나,버팔로 모짜렐라,짱! ,와 이 제품 너무 맛있어요. ,2020-09-03,16,라 콘타디나,9
213,1,라 콘타디나,버팔로 모짜렐라,고소 ,고소하고 맛있는 모짜렐라,2020-10-20,6,라 콘타디나,9
26,0,퀘스크렘,블루치즈 크림치즈,아직 안먹어봄 ,후기믿고 사봅니다 ㅎㅎ,2020-10-07,23,퀘스크렘,0
207,1,라 콘타디나,버팔로 모짜렐라,카프레제 ,하려고 구매했어요 맛있어요,2020-10-24,13,라 콘타디나,9
804,6,빔스터,110년 전통 고다치즈 3종,로얄 고다치즈 ,고다치즈 넘 조하아하는데,2020-10-27,5,빔스터,24
644,10,앙트르몽,에멘탈 치즈,괜찮아요 ,앙트르몽 괜찮네오!!!,2020-10-13,7,앙트르몽,14
167,4,사토리,헤리티지 체다,맛좋아요 ,토스트로 주로 해먹는데 한끼 식사로 딱 좋습니다,2020-02-27,11,사토리,39
342,5,사토리,사베치오 파마산,딱 찾던 그맛이에요 ,너무너무너무너무 맛있어요.,2020-09-10,26,사토리,39
690,10,앙트르몽,에멘탈 치즈,맛있어요. ,에멘탈 치즈 맛있네요.,2020-09-26,22,앙트르몽,14
542,7,카스텔로,덴마크 까망베르 치즈,굿 ,오븐에 넣어 녹여 퐁듀처럼 먹으니 좋으네요,2020-10-21,1,카스텔로,32
61,0,퀘스크렘,블루치즈 크림치즈,맛은 괜찮은데 ,근데 향에 비해 좀 짜요,2020-08-20,15,퀘스크렘,0
309,5,사토리,사베치오 파마산,사용하던 파마산이 다 떨어져서 샀어요 ,사용하던 파마산이 다 떨어져서 샀어요,2020-10-15,17,사토리,39
843,6,빔스터,110년 전통 고다치즈 3종,치즈 ,치즈가 담백해요~,2020-09-12,5,빔스터,24
964,8,카스텔로,덴마크 브리 치즈,와인안주 ,최고요~ 세일할 때 샀는데 유통기한도 넉넉하네요,2020-10-27,10,카스텔로,32
333,5,사토리,사베치오 파마산,오~^맛나요 ,비싸긴 한데 맛있네요~~남은건 아껴먹어야겠어요~~,2020-09-19,19,사토리,39
150,4,사토리,헤리티지 체다,아이가 너무 좋아해서... ,자꾸 제 샐러드용으로 산걸 뺏어먹네요,2020-05-21,13,사토리,39
420,3,콜롬보,리코타,ㅇ ,먹어보고 재구매~깔끔한 맛~,2020-10-28,7,콜롬보,28
165,4,사토리,헤리티지 체다,치즈 ,컬리 이용하는 이유중 하나가 치즈때문이에요. 처음 사 본 치즈 맛있네요.,2020-03-01,3,사토리,39
377,5,사토리,사베치오 파마산,무난해요 ,평소에 생각하던 파마산치즈,2020-07-26,14,사토리,39
355,5,사토리,사베치오 파마산,맛나요 ,믿고 사는 파마산 치즈~~ 맛있어요,2020-08-15,6,사토리,39
738,2,안젤로,고르곤졸라 피칸테,좋아요 :) ,고르곤졸라피자 해먹으려고 샀어요,2020-10-07,5,안젤로,7
944,8,카스텔로,덴마크 브리 치즈,가성비 좋은 치즈 ,너무 맛있어요!!!,2020-10-28,2,카스텔로,32
433,3,콜롬보,리코타,리코타 ,리코타치즈 샐러드 해먹으려고요 ㅎㅎ,2020-10-26,7,콜롬보,28
484,3,콜롬보,리코타,평이 좋어서 샀어요 ,맛있을거 같아요!!,2020-10-19,4,콜롬보,28
266,1,라 콘타디나,버팔로 모짜렐라,카프레제 ,해먹었는데 꽤 맛있었어요,2020-09-16,7,라 콘타디나,9
611,10,앙트르몽,에멘탈 치즈,에멘탈치즈 ,샌드위치용 잘썼습니다,2020-10-25,2,앙트르몽,14
206,1,라 콘타디나,버팔로 모짜렐라,굿 ,토마토랑 찰떡 찰떡,2020-10-24,1,라 콘타디나,9
719,2,안젤로,고르곤졸라 피칸테,고르곤졸라 ,스콘 만들려고 샀는데 맛있어요,2020-10-18,5,안젤로,7
470,3,콜롬보,리코타,리코타 샐러드 만들어 먹었어요 ,리코타 치즈로 샐러드 만들려고 발사믹 식초랑 구매했습니다 만족합니다,2020-10-20,9,콜롬보,28
414,3,콜롬보,리코타,리코타치즈 ,맛나요 담백하고 생러드먹기 좋아요,2020-10-28,2,콜롬보,28
500,7,카스텔로,덴마크 까망베르 치즈,1,아이가 완전 좋아해용~~,2020-10-29,1,카스텔로,32
877,6,빔스터,110년 전통 고다치즈 3종,끊임없는 재구매! ,와인 마실때 빼놓을 수 없는 최고의 안주에요. 적당히 짭조름하면서 너무 맛있어요,2020-08-20,8,빔스터,24
384,5,사토리,사베치오 파마산,맛남 ,아주 맛있어요~~~,2020-07-17,4,사토리,39
569,7,카스텔로,덴마크 까망베르 치즈,맛 ,맛있어서 자주 구매,2020-10-15,1,카스텔로,32
287,1,라 콘타디나,버팔로 모짜렐라,맛나요 ,첨 먹어보는데 맛있네요,2020-09-10,0,라 콘타디나,9
616,10,앙트르몽,에멘탈 치즈,그냥 저냥한 맛 ,무언가 특색있는 치즈는 아니에요.,2020-10-23,8,앙트르몽,14
974,8,카스텔로,덴마크 브리 치즈,맛있어요 !?? ,치즈로 샌드위치 해먹었는데맛있어요 !?? 쫀득하고,2020-10-26,13,카스텔로,32
265,1,라 콘타디나,버팔로 모짜렐라,좋아요 ,부라타 치즈 대신 사봤어요,2020-09-16,1,라 콘타디나,9
232,1,라 콘타디나,버팔로 모짜렐라,모짜렐라 ,너무 맛있는 치즈입니다~,2020-10-02,20,라 콘타디나,9
645,10,앙트르몽,에멘탈 치즈,에멘탈치즈 ,얇게 썰어서 햄버거나 샐러드에 뿌려먹으면 짱맛,2020-10-13,8,앙트르몽,14
486,3,콜롬보,리코타,참 맛있어요 ,맛있어요,2020-10-19,3,콜롬보,28
708,2,안젤로,고르곤졸라 피칸테,재구매 ,고르곤졸라피자 만들어 먹을때 넘 좋아요,2020-10-23,4,안젤로,7
244,1,라 콘타디나,버팔로 모짜렐라,그냥 ,어떤 부분은 말라 있고.. 생각만큼 맛있진 않아요,2020-09-23,7,라 콘타디나,9
175,4,사토리,헤리티지 체다,부드럽 ,샐럿레 적당........,2020-02-04,12,사토리,39
714,2,안젤로,고르곤졸라 피칸테,잘 받았습니다. ,양이 적당해서 좋아요.,2020-10-20,1,안젤로,7
758,2,안젤로,고르곤졸라 피칸테,퐁듀 만들어 먹었는데.. ,너무 맛있었어요~ 고르곤졸라 향이 일품입니닷,2020-09-25,7,안젤로,7
77,0,퀘스크렘,블루치즈 크림치즈,물건이다 ,이거 물건이에요 꼬릿한 맛 좋아하는 사람이면 무족권 사세요,2020-08-14,1,퀘스크렘,0
67,0,퀘스크렘,블루치즈 크림치즈,맛있어요!! ,블루치즈 좋아해서 시켜봤는데 맛있어요!,2020-08-17,6,퀘스크렘,0
397,5,사토리,사베치오 파마산,파마신 ,파마산 좋아해서 샀어용,2020-07-04,17,사토리,39
842,6,빔스터,110년 전통 고다치즈 3종,치즈 ,고다치즈 너무 좋아해요 맛있어요,2020-09-13,22,빔스터,24
114,4,사토리,헤리티지 체다,맨 입으로는좀 짜요 ,맨입으로 먹기에는 많이 짜네요. 다음엔 원래 사던걸로.. 갠적으로는 그냥그러네요.,2020-09-05,7,사토리,39
881,6,빔스터,110년 전통 고다치즈 3종,와인이랑 ,먹으려구요! 크기 딱 좋아요,2020-08-14,11,빔스터,24
729,2,안젤로,고르곤졸라 피칸테,맛있어요 ,와인 안주로도 피자 만들때 좋아요,2020-10-10,2,안젤로,7
774,2,안젤로,고르곤졸라 피칸테,너무 잘써요 ,남편이 엄천 좋아해요 ,2020-09-15,14,안젤로,7
183,4,사토리,헤리티지 체다,체다치즈 ,단단한 체다치즈는.처음 먹어보는데,2020-01-05,10,사토리,39
314,5,사토리,사베치오 파마산,맛있어요 ,사토리 치즈 좋아요,2020-10-11,6,사토리,39
294,1,라 콘타디나,버팔로 모짜렐라,그냥 쏘쏘 ,다음엔 다른 브랜드 사려구요. 저랑은 안맞는듯..,2020-09-08,15,라 콘타디나,9
553,7,카스텔로,덴마크 까망베르 치즈,까망베르 치즈 아이들이 너무 좋아하는거에요 ,하나사서 통크게 반잘라서 한입에 넣을 정도로 좋아해여.. 좀더 세일을 많이 하면 좋겠어요,2020-10-19,7,카스텔로,32
429,3,콜롬보,리코타,괜찮은편이랍니다. ,맛은 무난하고 신선해요!,2020-10-27,11,콜롬보,28
7,0,퀘스크렘,블루치즈 크림치즈,연어베이글을 위해 ,크림치즈 구입 했어요,2020-10-24,4,퀘스크렘,0
286,1,라 콘타디나,버팔로 모짜렐라,모짜렐라토마토샐러드 ,토마토랑 같이 먹었는데 너무 맛있었어요.,2020-09-10,14,라 콘타디나,9
659,10,앙트르몽,에멘탈 치즈,ㅋ ,약간 맛없어 더 진한거,2020-10-10,7,앙트르몽,14
358,5,사토리,사베치오 파마산,와인안주 ,지난번휴가에 와인과함께 좋은사람들과,2020-08-12,20,사토리,39
760,2,안젤로,고르곤졸라 피칸테,진하네요 ,샘킴쉐프가 고르곤졸라치즈와 파마산 치즈 조합 극찬하길래 도전해본 식재룐데 난이도 높은 치즈인가봐요..냉동에 넣어뒀는데 나중에 또띠아 사다가 꿀발라 먹어야할 듯 해요 ㅋㅋ,2020-09-24,11,안젤로,7
53,0,퀘스크렘,블루치즈 크림치즈,좀 짜네요 ,하몽 살치촌 초리조랑 같이 먹으려고 주문했는데 좀 짜네요,2020-08-25,9,퀘스크렘,0
304,5,사토리,사베치오 파마산,잘먹었어요 ,후기보고 샀어요~~~,2020-10-22,4,사토리,39
318,5,사토리,사베치오 파마산,맛있는 치즈네요 ,맛있는 파마산 치즈에요,2020-10-08,5,사토리,39
59,0,퀘스크렘,블루치즈 크림치즈,맛있어요 ,맛있네요,2020-08-21,12,퀘스크렘,0
548,7,카스텔로,덴마크 까망베르 치즈,쫀득 ,짜지않고 쫀득해요 하몽이랑 먹으니 맛나요,2020-10-19,6,카스텔로,32
934,8,카스텔로,덴마크 브리 치즈,재구매 ,저번에 주문한거 맛이 괜찮아서 두개 더 주문했어요. 마침세일해서 득템,2020-10-29,3,카스텔로,32
191,4,사토리,헤리티지 체다,맛있어요 ,약간 짭조름한게 맛있네요.,2019-12-04,23,사토리,39
303,5,사토리,사베치오 파마산,맛있어요. ,파스타나 리조또 먹을때 뿌리려고 샀어요. ,2020-10-22,3,사토리,39
257,1,라 콘타디나,버팔로 모짜렐라,괜찮 ,부라타치즈 계속 품절이라 대타구매했는데,2020-09-20,0,라 콘타디나,9
363,5,사토리,사베치오 파마산,맛있어요 ,파스타에 갈아서 넣으니까 맛있어요,2020-08-07,8,사토리,39
560,7,카스텔로,덴마크 까망베르 치즈,좋아요 ,오랜만에 와인에 치즈가 급 먹고싶어서 주문했는데 아직 개봉전이라 맛은 모르겠고 겉포장은 잘되어 왔네요,2020-10-17,5,카스텔로,32
143,4,사토리,헤리티지 체다,맛이 ,풍부한 치즈인거 같아요. 먹던 치즈가 계속 품절이라 요게 후기 좋아서 한 번 주문해봤어요. 나 체다치즈다ㅎ하는 깊은 맛인거 같네요,2020-06-15,6,사토리,39
6,0,퀘스크렘,블루치즈 크림치즈,크림치즈 ,꾸덕하니 정말 맛있어요 초딩입맛에도 잘 맞나봐요,2020-10-24,3,퀘스크렘,0
609,10,앙트르몽,에멘탈 치즈,와인과 치즈 ,너무 잘어울리는 조합..괜챦았어요.,2020-10-25,7,앙트르몽,14
734,2,안젤로,고르곤졸라 피칸테,고르곤졸라 ,파스타나 피자에 풍미업~,2020-10-08,2,안젤로,7
319,5,사토리,사베치오 파마산,파스타 ,파스타에 넣었는데 잘 어우러 지고 괜찮아요,2020-10-07,3,사토리,39
69,0,퀘스크렘,블루치즈 크림치즈,블루치즈 ,컬리 통밀빵에발라먹어봄ㅎ 크림치즈맛이 많이날거라생각햇지만 블루치즈맛이강하다항~~ ㅋㅋ 식사로말고 난 와인안주로 크래커랑먹는걸로..,2020-08-16,11,퀘스크렘,0
838,6,빔스터,110년 전통 고다치즈 3종,제철과일이랑 곁들여 먹어요 ,생크림에 고르곤졸라랑 고다치즈 끓이면서 녹이고 후추 넉넉하게 뿌려서 냉장실에 굳히면 딱딱한 과일에 곁들여 먹기 정말 좋아요. 손님 왔을 때 그냥 과일 내놓기 보다는 치즈도 같이 얹어서 주면 좀 더 신경쓰는 것 같아서 잘 사용하고 있는 레시피에요,2020-09-19,21,빔스터,24
83,0,퀘스크렘,블루치즈 크림치즈,블루치즈 ,식빵에 발라먹기좋아요,2020-08-05,8,퀘스크렘,0
998,8,카스텔로,덴마크 브리 치즈,브리치즈 ,브리치즈 샌드위치 만드려고 샀어요 ,2020-10-24,1,카스텔로,32
176,4,사토리,헤리티지 체다,맛있어요 ,8살 아들도 이게 제일 맛있다고 ^^ 제가 샐러드 만들 때마다 옆에와서 훔쳐먹고 갑니다 ㅎㅎ,2020-02-03,5,사토리,39
561,7,카스텔로,덴마크 까망베르 치즈,안주 ,와인안주로 최고예요,2020-10-17,6,카스텔로,32
850,6,빔스터,110년 전통 고다치즈 3종,괜찮네요 ,꽤 먹을만 해요 !,2020-09-06,2,빔스터,24
702,2,안젤로,고르곤졸라 피칸테,빵과 함께 ,빵에 발라서 먹어도 맛있어요~,2020-10-28,2,안젤로,7
732,2,안젤로,고르곤졸라 피칸테,처음 구매 ,고르곤졸라피자 도전해보려고 구매했어요,2020-10-09,3,안젤로,7
590,7,카스텔로,덴마크 까망베르 치즈,맥주 안주 ,맥주 안주로 아주 좋아요.,2020-10-06,13,카스텔로,32
444,3,콜롬보,리코타,굿 ,신싄하고 샐러드에 먹기조아요,2020-10-25,0,콜롬보,28
923,8,카스텔로,덴마크 브리 치즈,브리치즈 ,맛있을 것 같네요...,2020-10-29,1,카스텔로,32
136,4,사토리,헤리티지 체다,어디든 다 잘어울려요 ,안주로 크래커랑 먹어도 맛있고 샐러드 위에 뿌려 먹어도 맛나요,2020-08-01,6,사토리,39
421,3,콜롬보,리코타,맛나요 ,리코타샐러드 해먹음 넘 맛나요,2020-10-27,9,콜롬보,28
194,4,사토리,헤리티지 체다,맛있어요~~ ,샐러드에 뿌려 먹었어요~~,2019-11-28,7,사토리,39
456,3,콜롬보,리코타,굿 ,무난해요 좀 단단함,2020-10-22,1,콜롬보,28
468,3,콜롬보,리코타,리코타 ,샐러드 해 먹을려고,2020-10-20,2,콜롬보,28
878,6,빔스터,110년 전통 고다치즈 3종,치즈 ,체즈를 너무 좋아해서 구입했어요,2020-08-20,3,빔스터,24
227,1,라 콘타디나,버팔로 모짜렐라,부라타 대신으로 ㅎㅎ ,부라타 계속 품절이라 하루 대체 했는데 매우 만족입니다,2020-10-08,22,라 콘타디나,9
862,6,빔스터,110년 전통 고다치즈 3종,치즈를 좋아하지 않는 분들과 함께 먹으려고 ,그랑크뤼 구매하려다가 로얄고다로 주문했는데,2020-08-31,16,빔스터,24
634,10,앙트르몽,에멘탈 치즈,괜찮아요 ,경성 치즈가 생각나서 구매,2020-10-16,13,앙트르몽,14
368,5,사토리,사베치오 파마산,너무맛있어요 ,고소함과 깊은 풍미가 아주 최고에요!,2020-07-31,10,사토리,39
448,3,콜롬보,리코타,샐러드 해먹으려고 주문 ,오랜만에 밖에서 파는 리코타치즈샐러드 먹고싶어서 주문했는데 치즈가 얼마나 비슷할지 좀 걱정되네요..여러개 중에 콜롬보 리코타치즈 후기가 괜찮은것 같아서 시켰어요,2020-10-24,9,콜롬보,28
327,5,사토리,사베치오 파마산,부드럽고 ,맛잇어요........,2020-09-25,12,사토리,39
512,7,카스텔로,덴마크 까망베르 치즈,너무 맛있어오 ,가성비 굉장히 좋네요,2020-10-27,3,카스텔로,32
125,4,사토리,헤리티지 체다,맛있어요~ ,가격대가 있어서 고민을 옴총 하다가 구입했는데 맛있네요 ㅎㅎ,2020-08-20,9,사토리,39
975,8,카스텔로,덴마크 브리 치즈,좋아요 ,여러음식에 사용하려고 구매했는데 좋네요,2020-10-26,5,카스텔로,32
863,6,빔스터,110년 전통 고다치즈 3종,고소하고 맛있어요 ,와인과 함께 먹으니 좋네요,2020-08-30,16,빔스터,24
119,4,사토리,헤리티지 체다,맛 ,잇어요 치즈.....,2020-09-01,0,사토리,39
849,6,빔스터,110년 전통 고다치즈 3종,크기적당 ,크기적당하거 좋아요. 에이지드 말고 기본으로 주문했어요,2020-09-07,14,빔스터,24
338,5,사토리,사베치오 파마산,요런 ,통 파마산은 첨인데 기대되네요^^,2020-09-15,20,사토리,39
777,2,안젤로,고르곤졸라 피칸테,재구매했어요 ,너무 맛있어서 재구매했습니더 ㅎㅎㅎ,2020-09-14,9,안젤로,7
473,3,콜롬보,리코타,리코타 ,여기저기 같이 곁들여먹기 좋아요,2020-10-20,1,콜롬보,28
200,1,라 콘타디나,버팔로 모짜렐라,맛있어요 ,부라타 비슷하면서 속은 쫀득한맛이 아주 맛있네요 재구매 하려구요,2020-10-28,3,라 콘타디나,9
228,1,라 콘타디나,버팔로 모짜렐라,좋아욤 ,맛있어요!!!!!!,2020-10-08,14,라 콘타디나,9
505,7,카스텔로,덴마크 까망베르 치즈,까맹베르 ,치즈는 어떻게먹어야 맛있을까용,2020-10-28,3,카스텔로,32
921,8,카스텔로,덴마크 브리 치즈,잘 받았어요 ,브리치즈구이 해먹었어요.,2020-10-29,0,카스텔로,32
618,10,앙트르몽,에멘탈 치즈,맛있어요 ,고다보다는 라이트 하지만 꽤 맛있어요,2020-10-22,4,앙트르몽,14
916,8,카스텔로,덴마크 브리 치즈,좋아요 ,자주애용해요 와인과굿,2020-10-29,3,카스텔로,32
326,5,사토리,사베치오 파마산,갈아서 ,파스타 위에 올려먹으려규요,2020-09-29,1,사토리,39
462,3,콜롬보,리코타,슴슴담백 ,묘한 맛이에요 ㅋㅋ 맛있어요,2020-10-21,3,콜롬보,28
488,3,콜롬보,리코타,좋아요 ,두번째 사먹는 데,2020-10-19,3,콜롬보,28
519,7,카스텔로,덴마크 까망베르 치즈,치즈 ,이거 은근 괜찮습니다 초보자도 괜찮을 맛,2020-10-25,0,카스텔로,32
699,10,앙트르몽,에멘탈 치즈,맛있어요 ,짜지도 않고 고소하네요,2020-09-24,12,앙트르몽,14
76,0,퀘스크렘,블루치즈 크림치즈,굿 ,아직 먹기전이지만 맛날고같아요 ㅎㅎ,2020-08-14,7,퀘스크렘,0
481,3,콜롬보,리코타,함께 구입한 ,발사믹식초랑 샐러드해서 먹으려고 샀어요,2020-10-20,0,콜롬보,28
147,4,사토리,헤리티지 체다,맛있어요 ,재구매 할꺼에요. 빵도 크랙커에도 와인에도 모두 잘 어울려요,2020-05-31,2,사토리,39
398,5,사토리,사베치오 파마산,후기가 좋아 ,주문했어요 와인과 먹을려고합니다,2020-07-01,20,사토리,39
496,3,콜롬보,리코타,쏘쏘 ,아주 맛있지도 맛없지도 않은 맛,2020-10-18,2,콜롬보,28
129,4,사토리,헤리티지 체다,첨 먹어볼 치즈 입니다. ,이 치즈는 첨 먹어보는 치즈 입니다.,2020-08-08,10,사토리,39
463,3,콜롬보,리코타,샐러드 ,무난하게 맛있어용~,2020-10-21,9,콜롬보,28
873,6,빔스터,110년 전통 고다치즈 3종,짱이예요 ,맛있어요 와인이랑 잘 어울려요,2020-08-23,16,빔스터,24
821,6,빔스터,110년 전통 고다치즈 3종,와인에 먹기 좋아요 ,간단히 와인먹을때 안주로 좋아요.,2020-10-15,5,빔스터,24
78,0,퀘스크렘,블루치즈 크림치즈,블루치즈 맛있네요 ,아웃백에서 부시맨빵에 먹던 블루치즈 생각하고,2020-08-13,14,퀘스크렘,0
126,4,사토리,헤리티지 체다,짭잘 깔끔한 ,치즈~~ 풍미는 진하지 않아서 호불호 없을거같은데 짭잘해요,2020-08-18,2,사토리,39
236,1,라 콘타디나,버팔로 모짜렐라,짜요 ,좀 짜네요. 용기가 뚜껑까지 있어 보관이 용이한 건 좋지만요.,2020-09-30,4,라 콘타디나,9
256,1,라 콘타디나,버팔로 모짜렐라,별루여 ,단단하지않고,2020-09-20,7,라 콘타디나,9
159,4,사토리,헤리티지 체다,와 정말 ,이것만 몇개째인지... 제 입맛에 딱이예요. 주로 샐러드에 넣어먹습니다,2020-03-19,17,사토리,39
563,7,카스텔로,덴마크 까망베르 치즈,맛있넹~ ,아메리카노 한잔에 까망베르 치즈 두조각~,2020-10-16,5,카스텔로,32
442,3,콜롬보,리코타,부드러워요.. ,부드러워 샐러드에 같이 먹기 좋아요..,2020-10-25,3,콜롬보,28
189,4,사토리,헤리티지 체다,꼬소 ,너무 꼬소한 치즈예요. 샐러드에 딱~,2019-12-13,25,사토리,39
502,7,카스텔로,덴마크 까망베르 치즈,와인안주 ,오븐에 살짝 돌려서 메이플시럽에 견과류 올려 먹으니 순삭이네요ㅎ,2020-10-28,0,카스텔로,32
893,6,빔스터,110년 전통 고다치즈 3종,로얄 그랑크뤼 ,엄청 꼬릿꼬릿하고 짜고 소금 같은게 씹혀요,2020-08-02,4,빔스터,24
654,10,앙트르몽,에멘탈 치즈,에멘탈 치즈 ,에멘탈 치즈 좋아하는데 이건 담백하고 맛있어요,2020-10-11,22,앙트르몽,14
198,4,사토리,헤리티지 체다,그냥 먹어도 맛있어요 ,오래 숙성을 해서 그런지 풍미가 좋고 별다른 음식에 곁들이지 않고 그냥 먹어도 맛있어요~,2019-11-22,9,사토리,39
793,2,안젤로,고르곤졸라 피칸테,크림파스타 맛있어요 ,진하고 맛있어요. 만족해요,2020-09-06,17,안젤로,7
718,2,안젤로,고르곤졸라 피칸테,향이 ,매우 강하네요 피자 구워먹을때 토핑으로 얹어 구우면 더 맛있어요,2020-10-18,4,안젤로,7
914,8,카스텔로,덴마크 브리 치즈,브리 ,빵위에 올려먹으면 굳!,2020-10-29,1,카스텔로,32
336,5,사토리,사베치오 파마산,치즈는 사토리! ,맛있어서 5번넘게 구매하는것같아요,2020-09-18,17,사토리,39
866,6,빔스터,110년 전통 고다치즈 3종,자주 사요 ,한 번 사 본 이후 계속 먹게 되요 짭조름하니 맛있어요!,2020-08-29,14,빔스터,24
762,2,안젤로,고르곤졸라 피칸테,괜찮은듯 ,피자만들어 먹는다고샀어요,2020-09-23,5,안젤로,7
187,4,사토리,헤리티지 체다,후기 ,쫀득하고 고소한 식감.,2019-12-19,15,사토리,39
337,5,사토리,사베치오 파마산,굿 ,이곳저곳 활용도 높은 치즈,2020-09-15,14,사토리,39
466,3,콜롬보,리코타,조금 아쉽네용 ,속으로 퍼내니 물기가 생각보다 많아요 ㅠ,2020-10-21,11,콜롬보,28
852,6,빔스터,110년 전통 고다치즈 3종,요긴 ,요리할때도 가끔 넣고..,2020-09-05,13,빔스터,24
580,7,카스텔로,덴마크 까망베르 치즈,애정하는 카스텔로 까망베르 ,항상 쟁여둡니다. ㅎㅎ,2020-10-11,11,카스텔로,32
235,1,라 콘타디나,버팔로 모짜렐라,부타타 치즈 대신 ,주문했는데 맛있었어요,2020-09-30,13,라 콘타디나,9
105,4,사토리,헤리티지 체다,치즈가 맛있네요 ,치즈가 맛있네요 강추,2020-09-16,2,사토리,39
98,0,퀘스크렘,블루치즈 크림치즈,맛나요 ,후훗 맛나요 아주ㅎ,2020-07-19,6,퀘스크렘,0
178,4,사토리,헤리티지 체다,맛있어요 ,맛있는 체다치즈네요,2020-01-24,4,사토리,39
203,1,라 콘타디나,버팔로 모짜렐라,기대 ,아직 안 먹어봤지만 기대됩니다.,2020-10-26,15,라 콘타디나,9
811,6,빔스터,110년 전통 고다치즈 3종,와인안주 ,"아직 먹기전인데,포장이 잘되어 있어서 좋아요",2020-10-21,3,빔스터,24
477,3,콜롬보,리코타,부드러운데 ,진한 느낌이 없네요,2020-10-20,6,콜롬보,28
499,3,콜롬보,리코타,고소고소 ,보드랍고 고소하고 넘 맛잇어요~~,2020-10-17,11,콜롬보,28
907,8,카스텔로,덴마크 브리 치즈,첫구매 대만족 ,브리치즈 처음 먹어보는데 쫀득? 한 식감이 좋아요,2020-10-30,3,카스텔로,32
879,6,빔스터,110년 전통 고다치즈 3종,무난하고 고소해요 ,가격도 저렴한 편이고 간편한 안주로 좋아요,2020-08-18,15,빔스터,24
152,4,사토리,헤리티지 체다,아이가 너무 좋아해서 ,제걸로 샀는데 아이가 자꾸만 먹어요 ㅎㅎ 약간 말랑하지만 갈아서 파스타에 얹어줘도 잘먹어요,2020-05-03,11,사토리,39
173,4,사토리,헤리티지 체다,좋아요 ,샐러드와 함께 해보세요~,2020-02-11,4,사토리,39
562,7,카스텔로,덴마크 까망베르 치즈,짭잘 ,은근 끝맛이짭잘하네요,2020-10-16,8,카스텔로,32
573,7,카스텔로,덴마크 까망베르 치즈,맛있어요 ,부드럽고 짜지도 않고 맛있었어요,2020-10-13,8,카스텔로,32
931,8,카스텔로,덴마크 브리 치즈,치즈 ,카스텔로 덴마크 브리 치즈 정말 고소하고 맛있어요,2020-10-29,3,카스텔로,32
586,7,카스텔로,덴마크 까망베르 치즈,오 진하고 고소하오 ,받자마자 다 먹어버렷네요 ㅎㅎㅎ,2020-10-07,7,카스텔로,32
229,1,라 콘타디나,버팔로 모짜렐라,샐러드해서 맛있게! ,부라타치즈가 품절되어 이 상품으로 주문해서 하몽샐러드 해 먹었는데 맛있게 잘 먹었어요! 쫀득하고 부드러운 식감~,2020-10-04,31,라 콘타디나,9
306,5,사토리,사베치오 파마산,파스타랑 ,구매평이 좋아사 구매합니당 ,2020-10-18,6,사토리,39
211,1,라 콘타디나,버팔로 모짜렐라,괜찮아요 ,쫀득하고 맛있었네요..,2020-10-20,2,라 콘타디나,9
720,2,안젤로,고르곤졸라 피칸테,좋아요 ,저렴한 가격에 잘 산 것 같아요.,2020-10-15,1,안젤로,7
926,8,카스텔로,덴마크 브리 치즈,우앙 맛있습니다. ,하몽이랑 같이! 맛있습니다.,2020-10-29,4,카스텔로,32
489,3,콜롬보,리코타,맛있어요 ,고소하고 맛있네요,2020-10-19,2,콜롬보,28
574,7,카스텔로,덴마크 까망베르 치즈,좋아하는거 ,"뭐라쓰나요,치즈맛 좋아",2020-10-13,11,카스텔로,32
350,5,사토리,사베치오 파마산,제품 설명읽고 구매해 봄 ,이탈리아 산이랑 어떻게 다를지 궁금~,2020-08-22,23,사토리,39
622,10,앙트르몽,에멘탈 치즈,에멘탈 ,에멘탈 좋아해서 구매했습니다,2020-10-21,14,앙트르몽,14
902,8,카스텔로,덴마크 브리 치즈,와인안주 ,와인안주와 샌드위치로 활용하기 좋아요,2020-10-30,2,카스텔로,32
983,8,카스텔로,덴마크 브리 치즈,브리치즈 ,요건 첨 구매하는데 맛있기를,2020-10-26,2,카스텔로,32
64,0,퀘스크렘,블루치즈 크림치즈,좋아여 ,처음사봤는데 맛있어요,2020-08-18,6,퀘스크렘,0
751,2,안젤로,고르곤졸라 피칸테,맛잇어요 ,유통기한 짧아서 잘 보관해야함,2020-09-27,10,안젤로,7
90,0,퀘스크렘,블루치즈 크림치즈,맛있네요 ,소화 가능할만큼 적당한 블루치즈향,2020-07-31,1,퀘스크렘,0
221,1,라 콘타디나,버팔로 모짜렐라,모짜렐라 ,부라타 대신 구매해봤어요 맛있길,2020-10-15,24,라 콘타디나,9
564,7,카스텔로,덴마크 까망베르 치즈,재구매 ,맛있는 제품 저렴하게 구매해서 좋네요~,2020-10-16,9,카스텔로,32
669,10,앙트르몽,에멘탈 치즈,가성비 굿 연속 재구매 ,연속재구매 중. 샌드위치 속의 엔젤,2020-10-07,20,앙트르몽,14
474,3,콜롬보,리코타,맛있네요 ,샐러드 도시락 싸갑니당,2020-10-20,4,콜롬보,28
120,4,사토리,헤리티지 체다,몬아모레 체다랑 또 다른 매력 ,"몬아모레 체다랑 비교해서 먹어보려고 헤리티지 체다 구매해봤어요. 좀 더 경성치즈이고, 또 다른 매력이네요.",2020-08-28,8,사토리,39
395,5,사토리,사베치오 파마산,아직 ,먹어보진 않았는데 생각보다 작았어요,2020-07-05,0,사토리,39
62,0,퀘스크렘,블루치즈 크림치즈,향이진해요 ,가족들이 맛있대요~,2020-08-18,12,퀘스크렘,0
779,2,안젤로,고르곤졸라 피칸테,피자위에 토핑 굿 ,고르곤졸라 피자 만들어 먹으니 맛있어요~~,2020-09-14,7,안젤로,7
589,7,카스텔로,덴마크 까망베르 치즈,까망베르 ,보다 브리가 더 맛있어요,2020-10-06,3,카스텔로,32
166,4,사토리,헤리티지 체다,치즈토스트하면 맛있어요 ,슬라이스해서 빵에 올려 구워 먹어요 맛있어요,2020-02-29,15,사토리,39
249,1,라 콘타디나,버팔로 모짜렐라,맛있어요 ,고소하고 쫄깃 맛나게 먹었구 재구매했습니다,2020-09-22,2,라 콘타디나,9
965,8,카스텔로,덴마크 브리 치즈,브리치즈 ,너무좋아요!! 샌드위치용으로 구매♡,2020-10-27,11,카스텔로,32
185,4,사토리,헤리티지 체다,굿 ,끝맛이 살짝 짠데 고소하고 찐해요,2019-12-31,6,사토리,39
100,4,사토리,헤리티지 체다,아마 수십개 먹은듯... ,샐러드에 무난히 어울리고 아이도 잘먹어요,2020-10-11,4,사토리,39
612,10,앙트르몽,에멘탈 치즈,무난해요 ,샌드위치용으로 딱,2020-10-24,2,앙트르몽,14
434,3,콜롬보,리코타,좋아요 ,맛잇어요 가격도적당해여,2020-10-26,3,콜롬보,28
650,10,앙트르몽,에멘탈 치즈,에멘탈 치즈 ,얇고 작고 귀여워요,2020-10-12,5,앙트르몽,14
594,7,카스텔로,덴마크 까망베르 치즈,좋아하는 까망베르.. ,한번씩 구매해요!!,2020-10-05,3,카스텔로,32
554,7,카스텔로,덴마크 까망베르 치즈,부드러워요 ,덴마크 치즈는 처음 먹어보는것 같은데 괜찮네요. 가족 중 카스텔로 자주 먹던 사람이 있어서 맛은 안심하고 먹었어요. 질감은 부드럽고 맛도 무난해요. 그램수가 큰 편은 아니어서 그런지 좀 얇아서 잘라먹기 펀해요.,2020-10-19,2,카스텔로,32
792,2,안젤로,고르곤졸라 피칸테,좋아요 ,소분해서 보관했어요,2020-09-07,7,안젤로,7
35,0,퀘스크렘,블루치즈 크림치즈,향이 진하고 좋아요 ,빵에 발라먹기 편하고 향도 좋아요,2020-09-04,7,퀘스크렘,0
418,3,콜롬보,리코타,단맛이약함 ,이건 단맛이좀 약한듯합니다,2020-10-28,12,콜롬보,28
577,7,카스텔로,덴마크 까망베르 치즈,두번째 ,유통기한도 길고 두번째 구매요,2020-10-12,6,카스텔로,32
259,1,라 콘타디나,버팔로 모짜렐라,향이 있어요 ,향이 좀 진한듯ㅠㅠ,2020-09-18,8,라 콘타디나,9
465,3,콜롬보,리코타,맛있어요 ,몽글몽글 맛있어요,2020-10-21,4,콜롬보,28
651,10,앙트르몽,에멘탈 치즈,에멘탈 치즈 ,좋아요~~ 조금 작긴 해요,2020-10-12,5,앙트르몽,14
4,0,퀘스크렘,블루치즈 크림치즈,맛있어요 ,계속 재구매할것같아요,2020-10-24,3,퀘스크렘,0
9,0,퀘스크렘,블루치즈 크림치즈,적당적당 ,그냥 발라먹기 적당. 쿰쿰한 냄새가 많이 나진 않은데 그렇다고 맛있지도 않음...,2020-10-21,3,퀘스크렘,0
234,1,라 콘타디나,버팔로 모짜렐라,모짜렐라 ,샐러드에 찢어넣기 좋아요 먹을만해요,2020-10-01,17,라 콘타디나,9
771,2,안젤로,고르곤졸라 피칸테,맛있어요 ,고르곤졸라 피자 만들어 먹으니 참 맛있네요,2020-09-16,13,안젤로,7
601,10,앙트르몽,에멘탈 치즈,이름이 ,귀여워요 ㅜ무슨맛일까요,2020-10-28,9,앙트르몽,14
510,7,카스텔로,덴마크 까망베르 치즈,맛있어요 ,와인이랑 같이 먹으려고 샀는데 좋아요,2020-10-27,2,카스텔로,32
71,0,퀘스크렘,블루치즈 크림치즈,크림치즈 ,원래 블루치즈 좋아하는데 바게트 빵에 발라먹으니까 진짜 꿀맛이네요,2020-08-15,13,퀘스크렘,0
252,1,라 콘타디나,버팔로 모짜렐라,이거 진짜 맛있어요 ,너무 맛있어서 요리에 넣기도 아까울정도예요,2020-09-21,3,라 콘타디나,9
403,3,콜롬보,리코타,리코타 최고 ,부드럽고 담백한 우유맛이 너무 좋아요 ,2020-10-29,5,콜롬보,28
88,0,퀘스크렘,블루치즈 크림치즈,고소해요 ,살짝 블루치즈 꼬리꼬리한 냄새는 나지만,2020-08-01,2,퀘스크렘,0
958,8,카스텔로,덴마크 브리 치즈,굿 ,순한맛이라서 부담없고 좋아요,2020-10-27,0,카스텔로,32
892,6,빔스터,110년 전통 고다치즈 3종,친구네서먹고 주문 ,친구네서 먹었는데 아이도 넘좋아해서 구매...,2020-08-02,2,빔스터,24
310,5,사토리,사베치오 파마산,굿굿 ,그레이터가 아직 없어서 칼로 으깨 먹었는데 맛있었어요,2020-10-14,12,사토리,39
901,8,카스텔로,덴마크 브리 치즈,브리 ,좋아서 재구매했어요,2020-10-30,0,카스텔로,32
555,7,카스텔로,덴마크 까망베르 치즈,쓴맛나는데 뭐가 맛있다는 거예요? ,까망베르치즈 원래 이런 맛인가요? 어떻게 해먹어야 맛있는 건가요? 선물로 샀는데 맛이 애매해서 아쉬웠어요 ㅠㅠ,2020-10-19,9,카스텔로,32
727,2,안젤로,고르곤졸라 피칸테,샐러드용 ,그린샐러드에 호두강정과 무화과 오렌지 리코타에 고르곤졸라까지 넣어서 냠냠.,2020-10-11,7,안젤로,7
